"1jcv9M7AdtLgosJlFZ7y2F",1,"Stumpy's Christmas Delight","Keef Baker","Dry","spotify:track:1jcv9M7AdtLgosJlFZ7y2F"
"1nRtCTv9JverjIJnvBkLkp",2,"Soldeed","Keef Baker","Dry","spotify:track:1nRtCTv9JverjIJnvBkLkp"
"3a8uP4BlnkMgiKo5wm5MvJ",3,"Never Again","Keef Baker","Dry","spotify:track:3a8uP4BlnkMgiKo5wm5MvJ"
"5ZclPnzOn7OwH6XAAxYpIS",4,"The Flask of Science","Keef Baker","Dry","spotify:track:5ZclPnzOn7OwH6XAAxYpIS"
"4Ra8kja700pPEpJEHsMaN7",5,"Tonikom - Running as Fast as I Can - Keef Baker Mix","tonikom","Dry","spotify:track:4Ra8kja700pPEpJEHsMaN7"
"2AL5rkwz0kOrZau4jVfZoX",6,"Diskrace","Keef Baker","Dry","spotify:track:2AL5rkwz0kOrZau4jVfZoX"
"1m5lw8JAkyF1KwQigJkFmO",7,"Begin Again, Pt. 1","Keef Baker","Dry","spotify:track:1m5lw8JAkyF1KwQigJkFmO"
"58PopYW4IbC3VnDrLQqWPd",8,"Begin Again, Pt. 2","Keef Baker","Dry","spotify:track:58PopYW4IbC3VnDrLQqWPd"
"223TbLmIWm6XVmOu4LdNH9",9,"Mark Nelson's Constantly Flapping Gob","Keef Baker","Dry","spotify:track:223TbLmIWm6XVmOu4LdNH9"
"7gcKQulZL1rT90InSVUeQY",10,"Jason Cheng and His Football Game","Keef Baker","Dry","spotify:track:7gcKQulZL1rT90InSVUeQY"
"5QQYLPdnarqYFkLJIwQTUc",11,"Time and Raucous Drums Incorrigibly Sliced","Keef Baker","Dry","spotify:track:5QQYLPdnarqYFkLJIwQTUc"
"7eLqoIg6TqOE23zRdHxLNl",12,"Esa - Your Anger Is a Gift - Keef Baker Mix","ESA (Electronic Substance Abuse)","Dry","spotify:track:7eLqoIg6TqOE23zRdHxLNl"
"4mSwoqeJ9ubcpNVzrQTSDe",13,"Scargill","Keef Baker","Dry","spotify:track:4mSwoqeJ9ubcpNVzrQTSDe"
"7pEoyACrX3Xhjr0gwkbtHm",14,"Subtractivelad - Sleepwalker - Keef Baker Mix","SubtractiveLAD","Dry","spotify:track:7pEoyACrX3Xhjr0gwkbtHm"
"6idl4kmhGZJxp6Yr8JNs2k",15,"Binky Wants His Second Breakfast","Keef Baker","Dry","spotify:track:6idl4kmhGZJxp6Yr8JNs2k"
"5BBZbcmvvCdjiBfvvXzoDJ",16,"Frayed Edges","Keef Baker","Dry","spotify:track:5BBZbcmvvCdjiBfvvXzoDJ"
"0xC7EVOpusJ33nw6URDujx",17,"Scumbelina's Discarded Trash Ballet","Keef Baker","Dry","spotify:track:0xC7EVOpusJ33nw6URDujx"
