"4CWuEm4OSYIHIdG1iGcmPY",1,"There Is Still Time","Lorn","The Maze To Nowhere","spotify:track:4CWuEm4OSYIHIdG1iGcmPY"
"5Q7adZgptimLsdWof0kW7B",2,"Oxbow B","Lorn","The Maze To Nowhere","spotify:track:5Q7adZgptimLsdWof0kW7B"
"4vQY7arDHrVbuml9H0X7yj",3,"Batty's Theme","Lorn","The Maze To Nowhere","spotify:track:4vQY7arDHrVbuml9H0X7yj"
"3zARioqNpKIkjS7NCXvLar",4,"Upside Down Cops","Lorn","The Maze To Nowhere","spotify:track:3zARioqNpKIkjS7NCXvLar"
"2Kivfu92uKd20UN2XT8omO",5,"All Corrupt Everything","Lorn","The Maze To Nowhere","spotify:track:2Kivfu92uKd20UN2XT8omO"
"1ve72DrayDwmaPwTK7LxB9",6,"There Ain't Nothing It's Just Pain And Then Yer Gone","Lorn","The Maze To Nowhere","spotify:track:1ve72DrayDwmaPwTK7LxB9"
"7pM9cLbrgRGX1hHElTX92m",7,"Acid Rain","Lorn","The Maze To Nowhere","spotify:track:7pM9cLbrgRGX1hHElTX92m"
"4gYWpvq41GHTn5SN4KPW9g",8,"Entangled","Lorn","The Maze To Nowhere","spotify:track:4gYWpvq41GHTn5SN4KPW9g"
"076YR7emgXxyyeGAXrm71U",9,"SV_Cheats 0","Lorn","The Maze To Nowhere","spotify:track:076YR7emgXxyyeGAXrm71U"
"4OpihejJVwCzvcbzv9SPVj",10,"Shelter","Lorn","The Maze To Nowhere","spotify:track:4OpihejJVwCzvcbzv9SPVj"
"0EGUdoDQe2jMNQV3YLa8VP",11,"Alt.Vel.Ptch","Lorn","The Maze To Nowhere","spotify:track:0EGUdoDQe2jMNQV3YLa8VP"
"310wdRljnPkGfwJ3cd9LR6",12,"Negative Jumpsuit","Lorn","The Maze To Nowhere","spotify:track:310wdRljnPkGfwJ3cd9LR6"
