"2JoV6DXJKblrGSjPvSOFSB",1,"THE PROWLER","He Is Legend","ENDLESS HALLWAY","spotify:track:2JoV6DXJKblrGSjPvSOFSB"
"5d16r2JvUMeccIM3VLdMbC",2,"LIFELESS LEMONADE","He Is Legend","ENDLESS HALLWAY","spotify:track:5d16r2JvUMeccIM3VLdMbC"
"6w4XDvirEYttwc8zRbQ4KB",3,"HONEY FROM THE HIVE","He Is Legend","ENDLESS HALLWAY","spotify:track:6w4XDvirEYttwc8zRbQ4KB"
"4Y1d1XOkQvc8VGRSxUIqX7",4,"RETURN TO THE GARDEN","He Is Legend","ENDLESS HALLWAY","spotify:track:4Y1d1XOkQvc8VGRSxUIqX7"
"2nD2HAWFrlbcaQP5zoBq9i",5,"CIRCUS CIRCUS","He Is Legend","ENDLESS HALLWAY","spotify:track:2nD2HAWFrlbcaQP5zoBq9i"
"5VsT4xa31BWqmVFlLHr8eB",6,"SEAMISTRESS","He Is Legend","ENDLESS HALLWAY","spotify:track:5VsT4xa31BWqmVFlLHr8eB"
"30z6dH8ITx2xIcDBsxWUZW",7,"SOUR","He Is Legend","ENDLESS HALLWAY","spotify:track:30z6dH8ITx2xIcDBsxWUZW"
"43UFivUCMZGT6eVqixXzTi",8,"ENDLESS HALLWAY","He Is Legend","ENDLESS HALLWAY","spotify:track:43UFivUCMZGT6eVqixXzTi"
"27zpRrWhby7ZqGSCwnuCGs",9,"TIME'S FAKE","He Is Legend","ENDLESS HALLWAY","spotify:track:27zpRrWhby7ZqGSCwnuCGs"
"7HykYruvmFrVEJ6i1wSNX3",10,"SINK HOLE","He Is Legend","ENDLESS HALLWAY","spotify:track:7HykYruvmFrVEJ6i1wSNX3"
"4vzON4DQuN87c96xQy1Pfl",11,"ANIMALS","He Is Legend","ENDLESS HALLWAY","spotify:track:4vzON4DQuN87c96xQy1Pfl"
"2bhjjlKCmE7mbeg8Y5X7Od",12,"LORD SLUG","He Is Legend","ENDLESS HALLWAY","spotify:track:2bhjjlKCmE7mbeg8Y5X7Od"
