"0DFb1vc3S4G9JG8sTQ5fXq",1,"JOOF Editions, Vol. 5 - Continuous DJ Mix","John 00 Fleming","JOOF Editions, Vol. 5","spotify:track:0DFb1vc3S4G9JG8sTQ5fXq"
"1LUFgLCIAb9zVZFYeQ97Lh",1,"Dub Techno Mix - Continuous Mix","Nae:Tek","Dub Techno Mix","spotify:track:1LUFgLCIAb9zVZFYeQ97Lh"
"1xHELuWaaeaCBLB91Paae2",1,"Sound Territory - Continuous Mix","Q-Lee","Sound Territory","spotify:track:1xHELuWaaeaCBLB91Paae2"
"52pWjcJpbXMDyGXpoT1zJR",1,"FG VI - Continuous DJ Mix","Miss Monique","FG VI","spotify:track:52pWjcJpbXMDyGXpoT1zJR"
"0jln9kFw2pRFMeR4160abj",1,"Dub Techno Mix - Dj Continuous Mix","Fear N Loathing","Dub Techno Mix","spotify:track:0jln9kFw2pRFMeR4160abj"
"49nzzul3vGZNHXpVBByi69",2,"Conspirancy (Continuous DJ Mix)","Massimo Zito","Clubmixed Presents DJ Sessions, Vol. 1: Triple Mix Pack - Dubman F., Massimo Zito, The Jinks","spotify:track:49nzzul3vGZNHXpVBByi69"
"1j5BvC67aRkHaqX93G0Et4",1,"Pure Intec 3 (Mixed by Carl Cox) - Continuous Mix","Carl Cox","Pure Intec 3 (Mixed by Carl Cox & Jon Rundell)","spotify:track:1j5BvC67aRkHaqX93G0Et4"
"60BmXY3UM4QBgvrMX6C8UU",9,"Face Lift - Continuous Live Mix","Neelix","Face-Lift EP","spotify:track:60BmXY3UM4QBgvrMX6C8UU"
"7GmduX2jLvglcqwy3AoKd2",19,"Continuous DJ MIX by Boris Brejcha","Boris Brejcha","Feuerfalter Special Edition","spotify:track:7GmduX2jLvglcqwy3AoKd2"
"0zA7aGt4pQXPku6fn9i3rR",1,"Dub Techno Mix - Continuous Mix","f1rstpers0n","DubTechno Mix","spotify:track:0zA7aGt4pQXPku6fn9i3rR"
"7ktMSCLKU0vq0aIQpPPqLj",11,"Biomorph - Continuous Mix","Enrico Sangiuliano","Biomorph","spotify:track:7ktMSCLKU0vq0aIQpPPqLj"
"4Hw2NSvOyiIratq8ROu6hr",1,"FG VIII - Continuous DJ Mix","Miss Monique","FGVIII","spotify:track:4Hw2NSvOyiIratq8ROu6hr"
"47zijQybSzTsa8wCNEOKzV",1,"4x4=12 - Continuous Mix","deadmau5","4x4=12","spotify:track:47zijQybSzTsa8wCNEOKzV"
"5ZmWkQoDZEv4l1cZ12Kq62",1,"Part of the Dream - Continuous DJ Mix","Vini Vici","Part of the Dream (Compiled by Vini Vici)","spotify:track:5ZmWkQoDZEv4l1cZ12Kq62"
"2DiCNPjXJ3ueKvc8VQYkpR",1,"The Essence by Sebas Ramis - Continuous Mix","Sebas Ramis","Purobeach Vol. Tres The Global Adventure","spotify:track:2DiCNPjXJ3ueKvc8VQYkpR"
"0clo2hXoi39eTT1C82poos",17,"1ne - Continuous Mix","2pole","1ne","spotify:track:0clo2hXoi39eTT1C82poos"
"6RG1KXreBmvT4P38rLl9Sz",16,"Club Life: Miami - Continuous DJ Mix","Tiësto","Club Life: Vol. Two Miami","spotify:track:6RG1KXreBmvT4P38rLl9Sz"
"4EdYjKojTKTuseA2pF8trK",1,"Watergate 14 - Continuous DJ Mix","Mathias Kaden","Watergate 14 (Continuous DJ Mix)","spotify:track:4EdYjKojTKTuseA2pF8trK"
"2j7AknbVA8nYjwVRTa4OPE",16,"Play It Loud! - Continuous Mix","Marco Carola","Play It Loud!","spotify:track:2j7AknbVA8nYjwVRTa4OPE"
"7cOjytjCSumeOlf6nXDkqs",16,"We Go Deep, Saison 3 - Continuous Mix","The Avener","We Go Deep, Saison 3 - Mixed by The Avener","spotify:track:7cOjytjCSumeOlf6nXDkqs"
"5AGLy4v0FyJNYYMQR3YeJA",17,"Terrace Mix 7 - Continuous Mix","Toni Simonen","Café del Mar Terrace Mix 7","spotify:track:5AGLy4v0FyJNYYMQR3YeJA"
"7wPqR2VSjU7BtWbJlUhSWU",14,"Knee Deep In Sound - Continuous Mix","Hot Since 82","Knee Deep In Sound","spotify:track:7wPqR2VSjU7BtWbJlUhSWU"
"2Tpcg15cDtYd6VWJtfx8S5",1,"The Politics Of Dancing 3 - Continuous Mix","Paul van Dyk","The Politics Of Dancing 3","spotify:track:2Tpcg15cDtYd6VWJtfx8S5"
"6dZLG4Lze6IwUG36mnS5E3",17,"We Go Deep, Saison 4 - Continuous Mix","The Avener","We Go Deep, Saison 4 - Mixed by The Avener","spotify:track:6dZLG4Lze6IwUG36mnS5E3"
"09bdUEVOw8mMUV004lbQ2T",13,"Pieces Of Me - Continuous Mix","Black Coffee","Pieces Of Me","spotify:track:09bdUEVOw8mMUV004lbQ2T"
"5ub8PPjqZDH6IqxQhojKKy",19,"DJ Mix - Von Wustrow Nach Paris - Continuous DJ Mix","Mollono.Bass","Von Wustrow nach Paris","spotify:track:5ub8PPjqZDH6IqxQhojKKy"
"2fTi3xHGVHdMqAYL1yCMNs",13,"We Go Deep - Remix Edition - Continuous Mix","The Avener","We Go Deep (Remix Edition - Mixed by The Avener)","spotify:track:2fTi3xHGVHdMqAYL1yCMNs"
"5QdLltMeuw1z4UW3PDTUch",16,"Continuous Dj Mix","The Timewriter","Soulstickers - Extended Edition","spotify:track:5QdLltMeuw1z4UW3PDTUch"
"1MaLzPtdLIlFcZUCRUNDq0",30,"Purobeach Volumen Ocho Noche, Mixed & Compiled By Graham Sahara - Continuous Mix","Graham Sahara","Purobeach Volumen Ocho (Mixed and Compiled By Ben Sowton & Graham Sahara)","spotify:track:1MaLzPtdLIlFcZUCRUNDq0"
"6THYOCmJsVglmh8PS1HUBY",2,"Continuous Mix 2 - Original","Guy J","1000 Words","spotify:track:6THYOCmJsVglmh8PS1HUBY"
"6JHlrrK63btjdXwyJUUQd5",2,"JOOF Editions, Vol. 5 - Continuous DJ Mix","Paul Thomas","JOOF Editions, Vol. 5","spotify:track:6JHlrrK63btjdXwyJUUQd5"
"0CjRrLfkx6nYWp7i9SCUVJ",16,"Dots & Pearls 3 - Continuous Mix","Daniel Stefanik","Dots & Pearls 3","spotify:track:0CjRrLfkx6nYWp7i9SCUVJ"
"1iUbhb43G73EW2sUsQ6kZ1",1,"Watergate 05 - mixed by Ellen Allien - Continuous DJ Mix","Various Artists","Watergate 05 - mixed by Ellen Allien","spotify:track:1iUbhb43G73EW2sUsQ6kZ1"
"2qS0jPQDphgeAyz9zk3Wyw",32,"CLR Presents Mind Sets: Rebekah - Continuous Mix","Rebekah","CLR Presents Mind Sets: Rebekah","spotify:track:2qS0jPQDphgeAyz9zk3Wyw"
"2eeDo26NA1bpAJMr3ceHkQ",17,"Deconstruction Time - Continuous Mix","Jason Timothy","Deconstruction Time","spotify:track:2eeDo26NA1bpAJMr3ceHkQ"
"6SFKMg3PnuFWMnPzBl4CiE",13,"Continuous Mix - Continuous Mix","Pacco & Rudy B","AMH Looking for the Summer Compliation + Mix (Mixed by Pacco & Rudy B)","spotify:track:6SFKMg3PnuFWMnPzBl4CiE"
"47DUtEYNmuHBlvC8198DKZ",24,"Continuous Mix 2 - Soulfire - Continuous Mix 2","Soulfire","Soulfire Downloads Best Of...Volume 1","spotify:track:47DUtEYNmuHBlvC8198DKZ"
"077uC55BrUT5akBt7PNi0n",1,"Darkroom Dubs Vol.3 - Continuous Mix","Silicone Soul","Darkroom Dubs Vol.3 - Compiled & Mixed By Silicone Soul","spotify:track:077uC55BrUT5akBt7PNi0n"
"1U07YQ8nvbWveZWABN36Lb",36,"Deep Heads Dubstep Vol. 1 - Continuous Mix by Geode","Various Artists","Deep Heads Dubstep Volume 1","spotify:track:1U07YQ8nvbWveZWABN36Lb"
"5YOl07eqsQ7yvZJtyLo4Qi",1,"Dub Techno Label Mix - Dj Continuous Mix","M-Eject","Dub Techno Label Mix","spotify:track:5YOl07eqsQ7yvZJtyLo4Qi"
"4XWjdRHFh4FZbIFG0FjlM2",1,"Deep Progressive House Set - Dj Continuous Mix","Johnny M","Deep Progressive House Set","spotify:track:4XWjdRHFh4FZbIFG0FjlM2"
"37c7kxgtzAlbEgXTofczHK",41,"Techno Mix - Continuous Mix","FØRM (Ans & Allaby)","Haiti Appeal Project","spotify:track:37c7kxgtzAlbEgXTofczHK"
"1qYldYhRogmAGDQnzBxcpG",24,"Lucid Moments DJ Mix Part 2 - Mixed By Nadja Lind","Nadja Lind","Lucid Moments - Finest Selection Of Chill Out Club Lounge, Sexy Deep House And Dub Techno","spotify:track:1qYldYhRogmAGDQnzBxcpG"
"787DaDJ9NWjQifkLkU2GW0",40,"Minimal & Techno 2015 - Continuous DJ Mix","Various Artists","Minimal & Techno 2015 (Deluxe Version)","spotify:track:787DaDJ9NWjQifkLkU2GW0"
"64JHtq2gdCZ7c0PPt2h05L",35,"Lucid Summer DJ Mix","Nadja Lind","Shades of Dark - Fine Club Selection of Deep and Minimal House, Electro, Dub and Techno","spotify:track:64JHtq2gdCZ7c0PPt2h05L"
"66EUs24hETcU00rtqQp06T",22,"Minimal Techno Continuous Mix","Minimal Techno","Minimal Techno Afterhours","spotify:track:66EUs24hETcU00rtqQp06T"
"3e07ty83BXwEwDeST5RMlA",1,"Enter the Gate of Deep Water DJ Mix","Nadja Lind","Enter the Gate of Deep Water - A Panorama of Deep Minimal Club Music, Dub Techno, Fine Berlin Underground and Chicago House","spotify:track:3e07ty83BXwEwDeST5RMlA"
"2EKb1qOFaV0feCf6e83erq",15,"Dub Housemusic - Continuous House Music DJ Mix","Cristian Paduraru","Dub House Music (Organic Deephouse Meets Vibrant Deeptech Housemusic Tunes In Key-Db and the Paduraru Megamix Here)","spotify:track:2EKb1qOFaV0feCf6e83erq"
"3ohZrzL0YEfTe9dJ770qGo",1,"Dub Techno Label Mix - Dj Continuous Mix","Q-Lee","Dub Techno Label Mix","spotify:track:3ohZrzL0YEfTe9dJ770qGo"
"6Cw6bcX5wAyx1UWgQmD3n9",25,"Deephouse & Progressive Essentials, Pt. 1 - Continuous DJ-Mix by Jens Riemann","Jens Riemann","Ski Deep Progressive Wintergrooves","spotify:track:6Cw6bcX5wAyx1UWgQmD3n9"
"4VIOGx37pJQJVUz908iAtI",12,"Bar Beats Red (Delicious Deephouse) - Extended DJ Mix","Various Artists","Bar Beats Red (Delicious Deephouse)","spotify:track:4VIOGx37pJQJVUz908iAtI"
"524ZVdXPLdtXZyWRDjLZhX",22,"Lucidflow Essential DJ Mix - Sonic Flow Mixed By Nadja Lind","Nadja Lind","Lucid Sounds Vol. 1 - A Fine And Deep Sonic Flow Of Club House, Electro, Minimal And Techno","spotify:track:524ZVdXPLdtXZyWRDjLZhX"
"20sfaXIGHLwBfL56OKPptU",12,"Continuous Minimal/Microhouse DJ Mix - DJ mix","Ateis/Oelki/Geodesic/M Andersen/Mirko Worz/Stardog 414/Jeye/Ell-Er/Secant Prime/Louderest/S Janvier","Do Not Follow: A Minimal Techno / Microhouse Compilation","spotify:track:20sfaXIGHLwBfL56OKPptU"
"6pmASS95GcFrEEoluMsREs",1,"Best of Klartraum Vol. 2 DJ Mix","Nadja Lind","Computer Musik - Fine Selection of Deep Minimal House Music, and a Panorama of Electro, Club Dub and Deep Techno from Berlin","spotify:track:6pmASS95GcFrEEoluMsREs"
"4wtu2vUhjgmC8Aq9DyqnJs",1,"Live In Detroit - Continuous DJ Mix","Claude VonStroke","Claude VonStroke: Live In Detroit","spotify:track:4wtu2vUhjgmC8Aq9DyqnJs"
"0happJ8awLSclRyWn07LGu",27,"Lucid Sounds Vol. 5 Part 1 DJ Mix","Nadja Lind","Deep Space Night, Vol. 2 - Panorama of Dub Techno, Minimal Deep Berlin Underground Club Tech House & Dreamy Chill out Music","spotify:track:0happJ8awLSclRyWn07LGu"
"2eILJxw0TxNIxJ7bvW5M28",2,"Ultimate Edition Klartraum Live Set","Klartraum","Evolution - Ultimate Edition - With All Remixes, Dj Mix and Liveset","spotify:track:2eILJxw0TxNIxJ7bvW5M28"
"5D4uZQJY4kVIwOFvBZVNvD",1,"Filth Presents: Modular Punk Live At Mint Club Leeds - DJ Mix","Modular Punk","Filth Presents: Modular Punk Live At Mint Club Leeds (Deluxe Edition)","spotify:track:5D4uZQJY4kVIwOFvBZVNvD"
"1AeIvy1gSg3Ma1gNMjzell",33,"Secret Moon Ultimate Edition Remixed DJ Mix","Nadja Lind","Secret Moon Ultimate Edition - All Remixes, All Bonus Tracks, Special Liveset","spotify:track:1AeIvy1gSg3Ma1gNMjzell"
"12Rj1YnMSjDfuvgJ0o5C3K",5,"Second Day","Jose Amnesia","Live (Continuous DJ Mix By DJ Irene)","spotify:track:12Rj1YnMSjDfuvgJ0o5C3K"
"4VpP7Db8YAOwrurmTyk7Eh",17,"D3R-25 DJ Mix - Continuous Dj Mix","Der Dritte Raum","D3R-25 EINS","spotify:track:4VpP7Db8YAOwrurmTyk7Eh"
"6wFNfQXapNSboN98lVEFYs",1,"Four:Twenty Mixed, Remixed and Edited by Glimpse","Glimpse","Four:Twenty Mixed, Remixed and Edited by Glimpse","spotify:track:6wFNfQXapNSboN98lVEFYs"
"0rCe0oKF16gBYXPRsEPAVC",20,"Housemusic Warmup - Continuous Key-Db Deeptech Proghouse Music DJ Mixset","Cristian Paduraru","Housemusic Warmup (Organic Deephouse Sounds Meets Vibrant Techhouse Rhythms and Inspiring Proghouse Music Tunes Compilation in Key-Db on the Remix Label and Paduraru Megamix)","spotify:track:0rCe0oKF16gBYXPRsEPAVC"
"3UUNe7N3qWlN4wCly5BOtF",26,"Deephouse & Progressive Essentials, Pt. 2 - Continuous DJ-Mix by DJ Carnage23","DJ Carnage 23","Ski Deep Progressive Wintergrooves","spotify:track:3UUNe7N3qWlN4wCly5BOtF"
"04Upeuveijcje4hb28IOsO",1,"Electronic Minimal Cooking - Continuous DJ-Mix","Jens Riemann","Electronic Minimal Cooking","spotify:track:04Upeuveijcje4hb28IOsO"
"2I1VTDqFTDj6MvBBvdgTn3",13,"futureaudio presents Colours of Tech-House, vol. 01 - DJ Mix By 3MalM","Various Artists","futureaudio presents Colours of Tech-House, vol. 01 (Minimal and Progressive House Anthems)","spotify:track:2I1VTDqFTDj6MvBBvdgTn3"
"22pSJzvzkQLjSbU8yDZgQt",24,"Peaktime DJ Mix by 3MalM","Various Artists","futureaudio presents Minimal Techno Vol. 10 (The Best in Minimal Techno)","spotify:track:22pSJzvzkQLjSbU8yDZgQt"
"3h3wcXucxtaKcfKyr4bnMD",16,"Vibrant Housemusic - Continuous Deephouse Meets Proghouse Music DJ Megamix","Cristian Paduraru","Vibrant Housemusic (Organic Deephouse Meets Inspiring Proghouse Best Tunes Compilation in Key-Gb Plus the Paduraru Megamix)","spotify:track:3h3wcXucxtaKcfKyr4bnMD"
"5Q8I8GSkSa9cfIbILbAt63",30,"Deep House Extravaganza Deluxe - Continous DJ Mix By Hernan Rodgriguez & DJ Tafkab","Various Artists","Deep House Extravaganza Deluxe","spotify:track:5Q8I8GSkSa9cfIbILbAt63"
"7lqnUQiSWL2uEUbBIhFp4B",11,"SLAM - Focus On Soma Records - Continuous Mix","Various Artists","Focus On : Soma Records","spotify:track:7lqnUQiSWL2uEUbBIhFp4B"
"7fvhxIC3mjYmNl3vl17tGg",16,"Herzblut Pur Mix","Various Artists","Herzblut Pur","spotify:track:7fvhxIC3mjYmNl3vl17tGg"
"1iz99tOIJYN1XyZnlkaZuI",12,"Matt Masters - Focus On : Freerange - Continuous Mix","Various Artists","Focus On : Freerange Matt Masters","spotify:track:1iz99tOIJYN1XyZnlkaZuI"
"25hKpvJzkVPFCW4x2vNwZM",1,"Visiting The Classics Mix","Pablo Bolivar","Visiting The Classics Mix","spotify:track:25hKpvJzkVPFCW4x2vNwZM"
"5ioeFDdAwBj92J2LMi8qE1",40,"Deep House Sensation - Continuous DJ Mix","Various Artists","Deep House Sensation (Deluxe Version)","spotify:track:5ioeFDdAwBj92J2LMi8qE1"
"3RCNx9QiEUNpbDzkFzG7V0",11,"December Housemusic - Various Artists Deeptech Proghouse Continuous DJ Mix","Cristian Paduraru","December Housemusic (Balearic House with Organic Deephouse Sounds and Vibrant Proghouse Rhythms from The Remix Label)","spotify:track:3RCNx9QiEUNpbDzkFzG7V0"
"4JTxGsNdTj8oSjKynJv74W",12,"The Best Of: Deep & Progressive House - Continuous DJ Mix","camy","The Best Of: Deep & Progressive House","spotify:track:4JTxGsNdTj8oSjKynJv74W"
"1s3Lq64nnKh4efTLQaLyXQ",1,"Darker Sounds 4 - DJ Mix","Khristian K","Dark Matter, Vol. 4 - Fine Club Selection of Deep Dark House, Electro, Dub and Techno","spotify:track:1s3Lq64nnKh4efTLQaLyXQ"
"2oLpsW45uc2PiU8WyiUnFS",10,"At Kater Blau Berlin (Germany) - Live Version","Klartraum","Klartraum Live Concerts - Solid Club Dub Techno & Deep House Recorded On Stages Around the World","spotify:track:2oLpsW45uc2PiU8WyiUnFS"
"5Mck44H80Qvvt2zNBpLvIS",11,"Deeptech Housemusic - WEmixer DeejayFriendly Dub Techno Meets Deep Acid House Music DJ Mix","Dubacid","Deeptech Housemusic","spotify:track:5Mck44H80Qvvt2zNBpLvIS"
"1jqoPBLuC7IRzsl9xFxVQZ",1,"Deephouse & Progressive Essentials, Pt. 1 - Continuous DJ-Mix by Jens Riemann","Jens Riemann","Deephouse & Progressive Essentials (Mixed by Jens Riemann vs. DJ Carnage23)","spotify:track:1jqoPBLuC7IRzsl9xFxVQZ"
"2mImezBIsL6zxCpmqvD48Y",2,"Miami Deep House 2020 - Continuous Mix 2","Luck Bravo","Miami Deep House 2020","spotify:track:2mImezBIsL6zxCpmqvD48Y"
"7B02qfVcL2oZTTo7YMlyyz",14,"March Housemusic - Deeptech Proghouse Continuous DJ Mix","Wemixer","March Housemusic (Deephouse Meets Proghouse Music Compilation)","spotify:track:7B02qfVcL2oZTTo7YMlyyz"
"7dv8AU5uUnCohZhcOAwpKq",18,"Housemusic Foundation - Continuous Deephouse Meets Proghouse Music DJ Megamix","Cristian Paduraru","Housemusic Foundation (Organic Deephouse Meets Inspiring Proghouse Best Tunes Compilation in Key-F Plus the Paduraru Megamix Here)","spotify:track:7dv8AU5uUnCohZhcOAwpKq"
"75GlckBrowj6VDmxuQTyXR",1,"Dub Techno Label Mix - Dj Continuos Mix","f1rstpers0n","Dub Techno Label Mix","spotify:track:75GlckBrowj6VDmxuQTyXR"
"1Rw6IIJXUXYierNeAkC2zn",25,"Lucid Moments Deep Flow Liveset","Klartraum","Lucid Moments - Finest Selection Of Chill Out Club Lounge, Sexy Deep House And Dub Techno","spotify:track:1Rw6IIJXUXYierNeAkC2zn"
"6cFJytacCBMQUgjgVJMiyi",14,"Selected Remixes Part 3 - DJ Mix by Terry Lee Brown Junior","Terry Lee Brown, Jr.","Selected Remixes Part 3","spotify:track:6cFJytacCBMQUgjgVJMiyi"
"7GqvYv817oDRgcCZAl5M3F",19,"The Sixtieth - Continuous Mix","Marco Bailey","The Sixtieth","spotify:track:7GqvYv817oDRgcCZAl5M3F"
"1sHSJ72QnmXqkZJbctNkt6",30,"Darkroom Dubs Vol. 2 - Continuous Dj Mix","Silicone Soul","Darkroom Dubs Vol. 2 - Compiled & Mixed By Silicone Soul","spotify:track:1sHSJ72QnmXqkZJbctNkt6"
"2a2LG9yyj6SgUfsd7o2dqe",38,"Toolroom Knights Mixed By Umek - DJ Mix 2","UMEK","Toolroom Knights Mixed by Umek","spotify:track:2a2LG9yyj6SgUfsd7o2dqe"
"0nfqrZDDv09LW2U6KexnAg",15,"Kevin Saunderson History Elevate - Continuous Mix","Kevin Saunderson","History Elevate Remixed","spotify:track:0nfqrZDDv09LW2U6KexnAg"
"0lyPhdfmZffJrq4XuErooX",23,"BYT Pres. Kaiserdisco Noice Vol.1 - Continuous DJ Mix","Kaiserdisco","Kaiserdisco NOICE Vol.1","spotify:track:0lyPhdfmZffJrq4XuErooX"
"1yYKDdeuSk5X9Cwid8JMi0",15,"Best Of Driving Forces Vol.1 - Continous DJ Mix by Sutter Cane","Alan Fitzpatrick","Best Of Driving Forces Vol.1","spotify:track:1yYKDdeuSk5X9Cwid8JMi0"
"5vA0iOujnCIgIW0sSlsrxf",18,"In The Mix 003, Pt. 1 - Continuous DJ Mix","Crocy","In The Mix 003 - Deep Tech Sessions","spotify:track:5vA0iOujnCIgIW0sSlsrxf"
"688VPyF4gYZsi6iO6qaHcp",22,"Compiled & Mixed - Continuous DJ Mix","Milos Miladinovic","Jelly For The Babies and Milos Miladinovic","spotify:track:688VPyF4gYZsi6iO6qaHcp"
"4YQ3shfCJQ4dTce3GzxRw1",11,"From the Fallen Page - Extended Mix","Magda","From the Fallen Page (Extended Version)","spotify:track:4YQ3shfCJQ4dTce3GzxRw1"
"5EooA96A7K41pqceI8I6v5",9,"The Depths","JPLS","The Depths","spotify:track:5EooA96A7K41pqceI8I6v5"
"0OYZcR5CYWFF45322fPAmD",11,"Something More - Continuos DJ MIX","Troy Pierce","Nothing Much","spotify:track:0OYZcR5CYWFF45322fPAmD"
"5CsAxV4fPwJUxtyfLPujHn",1,"Unknown Landscapes / Mix Vol. 1","Oscar Mulero","Unknown Landscapes / Mix Vol. 1","spotify:track:5CsAxV4fPwJUxtyfLPujHn"
"3c4ha4POrIUizZ3zLHaBA9",1,"Cari Lekebusch - Archeology Exc. 1","Cari Lekebusch","H-Productions Presents","spotify:track:3c4ha4POrIUizZ3zLHaBA9"
"63YctTKNwgLw81C1yTtWIR",13,"Omega: Alive Continuous Live Set","Robert Hood","Omega: Alive","spotify:track:63YctTKNwgLw81C1yTtWIR"
