"2vfSCFvMbpf4hwxt22Wx7b",1,"In Silence","Amelie Lens","A-Sides, Vol. 6","spotify:track:2vfSCFvMbpf4hwxt22Wx7b"
"7wcezlPS0mPgBW7XiXu2WO",2,"Fake","Wehbba","A-Sides, Vol. 6","spotify:track:7wcezlPS0mPgBW7XiXu2WO"
"4gwuQ4JIMhJc4vyg8pyeDS",3,"Preset Heaven","Adam Beyer","A-Sides, Vol. 6","spotify:track:4gwuQ4JIMhJc4vyg8pyeDS"
"6sUMNmJa0w67wyFbQlfpvh",4,"Destroyer","Tiger Stripes","A-Sides, Vol. 6","spotify:track:6sUMNmJa0w67wyFbQlfpvh"
"5613MQVIqNMtsONeJxjfI8",5,"Mohave","Mars Bill","A-Sides, Vol. 6","spotify:track:5613MQVIqNMtsONeJxjfI8"
"0fgGqL1mscAG2jjnXu6vlJ",6,"La Bruja","Pig","A-Sides, Vol. 6","spotify:track:0fgGqL1mscAG2jjnXu6vlJ"
"02yiF0wA7B3HDeg7xWyIMs",7,"Hypericum","Luca Agnelli","A-Sides, Vol. 6","spotify:track:02yiF0wA7B3HDeg7xWyIMs"
"6XkDlhSoIOsa5HU8mUwvta",8,"Limitless","Luigi Madonna","A-Sides, Vol. 6","spotify:track:6XkDlhSoIOsa5HU8mUwvta"
"1PTGQ7niOlYF8RhPf5F9ML",9,"Muzik","Timmo","A-Sides, Vol. 6","spotify:track:1PTGQ7niOlYF8RhPf5F9ML"
"4vfrFlSaH3uMytcqcLrSG6",10,"Liquid","Arjun Vagale","A-Sides, Vol. 6","spotify:track:4vfrFlSaH3uMytcqcLrSG6"
"3iPnbnTvP159YGOX1WY4PG",11,"Nasa","Julian Jeweil","A-Sides, Vol. 6","spotify:track:3iPnbnTvP159YGOX1WY4PG"
"7tuGuVK9daGQOuXBOAraW0",12,"Just a Beat","Dense","A-Sides, Vol. 6","spotify:track:7tuGuVK9daGQOuXBOAraW0"
"647cOdyFEo2yQHMZrGF7B1",13,"Diamond Dust","Vinicius Honorio","A-Sides, Vol. 6","spotify:track:647cOdyFEo2yQHMZrGF7B1"
"4uvBTEH0uFX1h0wyFNoWq4",14,"Portmanteau","Ambivalent","A-Sides, Vol. 6","spotify:track:4uvBTEH0uFX1h0wyFNoWq4"
"0JjIIsbzhhLHMla2Z7hnd4",15,"Nasqueron","Spektre","A-Sides, Vol. 6","spotify:track:0JjIIsbzhhLHMla2Z7hnd4"
"0WaHuO6ZNiRJDqTrgimlcL",16,"Desert Crash","Marco Faraone","A-Sides, Vol. 6","spotify:track:0WaHuO6ZNiRJDqTrgimlcL"
