"2QDJ3z3tndtFJJo9nJ2lcB",1,"2022","L.S. Dunes","Past Lives","spotify:track:2QDJ3z3tndtFJJo9nJ2lcB"
"549yKCmUsYBbVEoULqRTdm",2,"Antibodies","L.S. Dunes","Past Lives","spotify:track:549yKCmUsYBbVEoULqRTdm"
"7mdBFu9SMR39e7lK8uQvFB",3,"Grey Veins","L.S. Dunes","Past Lives","spotify:track:7mdBFu9SMR39e7lK8uQvFB"
"7s3Xm4YMQJRlFekWEk4LsW",4,"Like Forever","L.S. Dunes","Past Lives","spotify:track:7s3Xm4YMQJRlFekWEk4LsW"
"3tEfgAWKfRscY1BpaBpdrJ",5,"Blender","L.S. Dunes","Past Lives","spotify:track:3tEfgAWKfRscY1BpaBpdrJ"
"3cXzv5floESs781yR9BMBx",6,"Past Lives","L.S. Dunes","Past Lives","spotify:track:3cXzv5floESs781yR9BMBx"
"1G2M5ofvvdXz9iDskUErV7",7,"It Takes Time","L.S. Dunes","Past Lives","spotify:track:1G2M5ofvvdXz9iDskUErV7"
"46woUCAUJ7uyYuKn2DoBCQ",8,"Bombsquad","L.S. Dunes","Past Lives","spotify:track:46woUCAUJ7uyYuKn2DoBCQ"
"5uWWg5ds6dGTHZrz1AUOwP",9,"Grifter","L.S. Dunes","Past Lives","spotify:track:5uWWg5ds6dGTHZrz1AUOwP"
"0cSFnroC6jtahfxpBngw9d",10,"Permanent Rebellion","L.S. Dunes","Past Lives","spotify:track:0cSFnroC6jtahfxpBngw9d"
"1cFKSo4UF3t5KrdSc94vD8",11,"Sleep Cult","L.S. Dunes","Past Lives","spotify:track:1cFKSo4UF3t5KrdSc94vD8"
