"1cptr91PBCJ1Vrar6Ibo3Z",1,"Кривошейка","hodíla ízba","Ходуном","spotify:track:1cptr91PBCJ1Vrar6Ibo3Z"
"4FKoUKI9d6ctSimNVCMlio",2,"Шёл я яром","hodíla ízba","Ходуном","spotify:track:4FKoUKI9d6ctSimNVCMlio"
"5qn1gwtKGYAgG71I4uEW4m",3,"Под лесом","hodíla ízba","Ходуном","spotify:track:5qn1gwtKGYAgG71I4uEW4m"
"3skOXUQrnrUpwxPXFxoCGA",4,"Дождь","hodíla ízba","Ходуном","spotify:track:3skOXUQrnrUpwxPXFxoCGA"
"1GaonV9NXmE9ldNVk1sjiB",5,"Дунюшка","hodíla ízba","Ходуном","spotify:track:1GaonV9NXmE9ldNVk1sjiB"
"0n2p6411s308gq3Ij0PpKW",6,"Гуляла","hodíla ízba","Ходуном","spotify:track:0n2p6411s308gq3Ij0PpKW"
"09HSjcpd3hVXm95ximgl8j",7,"Подружка","hodíla ízba","Ходуном","spotify:track:09HSjcpd3hVXm95ximgl8j"
"1IP4tod0xFXKdSKs1hBgFi",8,"Параня","hodíla ízba","Ходуном","spotify:track:1IP4tod0xFXKdSKs1hBgFi"
"5WgU4X0Xad7LaSu1NMgoeY",9,"Во светлице","hodíla ízba","Ходуном","spotify:track:5WgU4X0Xad7LaSu1NMgoeY"
"7AoxiUVXemigi6sjMQvWk7",10,"На крыле","hodíla ízba","Ходуном","spotify:track:7AoxiUVXemigi6sjMQvWk7"
"4eaxPHSy3tNgdicyutoqVL",11,"Ходуном","hodíla ízba","Ходуном","spotify:track:4eaxPHSy3tNgdicyutoqVL"
