"4XxSAq3ZFG7KB2rQ7KJYbY",1,"I Dont Know How to Tell","Proem","Socially Inept","spotify:track:4XxSAq3ZFG7KB2rQ7KJYbY"
"7qSgQlFhuKCwv6J4SDo6C4",2,"Bites Their Tongue","Proem","Socially Inept","spotify:track:7qSgQlFhuKCwv6J4SDo6C4"
"6XM6brOYwdBdDkN2egdKG1",3,"Invisible For All","Proem","Socially Inept","spotify:track:6XM6brOYwdBdDkN2egdKG1"
"1HzEnGmXeDOzE4Xrh4tVz8",4,"Little_a","Proem","Socially Inept","spotify:track:1HzEnGmXeDOzE4Xrh4tVz8"
"3gVMQyAUxpBTyuT9MEPN1x",5,"Pinching Point","Proem","Socially Inept","spotify:track:3gVMQyAUxpBTyuT9MEPN1x"
"0PGy1hV7iaBtzezPbhmvwh",6,"Place Gun to Head","Proem","Socially Inept","spotify:track:0PGy1hV7iaBtzezPbhmvwh"
"4DUcI43PqkWo4qvgTRnO3R",7,"When Frailty Fails","Proem","Socially Inept","spotify:track:4DUcI43PqkWo4qvgTRnO3R"
"0p6WOW7ZYiyBmeRgFFxUAZ",8,"Out of Phase","Proem","Socially Inept","spotify:track:0p6WOW7ZYiyBmeRgFFxUAZ"
"3h2WUCujW310vIT0Dd2hCa",9,"Da.vironment","Proem","Socially Inept","spotify:track:3h2WUCujW310vIT0Dd2hCa"
"1N91wSVnb4FKC5tiYSDgbQ",10,"Carpark Kitten","Proem","Socially Inept","spotify:track:1N91wSVnb4FKC5tiYSDgbQ"
"4gzxtRQ0fX2xIkLdM7Gb1M",11,"Deep Like Airline Failure","Proem","Socially Inept","spotify:track:4gzxtRQ0fX2xIkLdM7Gb1M"
"50o3HIySwdSsFBCnHmu03L",12,"Sleep Is For Lunch","Proem","Socially Inept","spotify:track:50o3HIySwdSsFBCnHmu03L"
"5LxtHD8Y7Cys3I8BFFtfc3",13,"No Imback","Proem","Socially Inept","spotify:track:5LxtHD8Y7Cys3I8BFFtfc3"
"3Ws4h8IcE1VJHWebd1Awjo",14,"Socially Inept","Proem","Socially Inept","spotify:track:3Ws4h8IcE1VJHWebd1Awjo"
