"1PYVB44YF1FQtKdz9pNDzi",1,"mud_castle","Tallah","The Generation Of Danger","spotify:track:1PYVB44YF1FQtKdz9pNDzi"
"14qDwz0Ywup7NIqHZdakHn",2,"The Hard Reset","Tallah","The Generation Of Danger","spotify:track:14qDwz0Ywup7NIqHZdakHn"
"3HhywuzEaIlFhjyV8fk38s",3,"Stomping Grounds","Tallah","The Generation Of Danger","spotify:track:3HhywuzEaIlFhjyV8fk38s"
"5kcNAxiwUeGQACpdf4a5MR",4,"The Impressionist","Tallah","The Generation Of Danger","spotify:track:5kcNAxiwUeGQACpdf4a5MR"
"6fyow0wHB8sBw9TQ8qWZ2x",5,"Shaken (not stirred)","Tallah","The Generation Of Danger","spotify:track:6fyow0wHB8sBw9TQ8qWZ2x"
"0PL01YSSXVzrEjTtLmSIRt",6,"For The Recognition","Tallah","The Generation Of Danger","spotify:track:0PL01YSSXVzrEjTtLmSIRt"
"3MwwfPop9BIf3opJQUMIMH",7,"Of Nothing","Tallah","The Generation Of Danger","spotify:track:3MwwfPop9BIf3opJQUMIMH"
"173hPUwOhkTCZJ7KGYVomW",8,"Dicker's Done","Tallah","The Generation Of Danger","spotify:track:173hPUwOhkTCZJ7KGYVomW"
"3Tn9ea6IIwfH0LuRF71vfg",9,"Telescope","Tallah","The Generation Of Danger","spotify:track:3Tn9ea6IIwfH0LuRF71vfg"
"6XlzEjF9pla5JI7cpcnEil",10,"Wendrid","Tallah","The Generation Of Danger","spotify:track:6XlzEjF9pla5JI7cpcnEil"
"1ve0DmwkzoRYG3bmcoYiw6",11,"Headfirst","Tallah","The Generation Of Danger","spotify:track:1ve0DmwkzoRYG3bmcoYiw6"
"6epAbZs43UedyjjKuhYEBS",12,"Thistle","Tallah","The Generation Of Danger","spotify:track:6epAbZs43UedyjjKuhYEBS"
"66YgycFbjGywEa7aby4auD",13,"How Long?","Tallah","The Generation Of Danger","spotify:track:66YgycFbjGywEa7aby4auD"
