"6lP032OgdfSvtOYLhBERY0",1,"One-Eyed God","Darkwood","Twilight Garden","spotify:track:6lP032OgdfSvtOYLhBERY0"
"60fd7C7UPsOh7KeAbFX70d",2,"The Sixth Night","Darkwood","Twilight Garden","spotify:track:60fd7C7UPsOh7KeAbFX70d"
"5LCBphECxcAIA34ZLsEgya",3,"Cherry Blossom","Darkwood","Twilight Garden","spotify:track:5LCBphECxcAIA34ZLsEgya"
"63V5kMTBy8Q0gC1B2WACbZ",4,"The Last Wolf","Darkwood","Twilight Garden","spotify:track:63V5kMTBy8Q0gC1B2WACbZ"
"3BcFYhvxk2D36Dh9aXMLth",5,"Twilight","Darkwood","Twilight Garden","spotify:track:3BcFYhvxk2D36Dh9aXMLth"
"1Ok0AUmanVMMKXf7yfF8X8",6,"Lucid Dream","Darkwood","Twilight Garden","spotify:track:1Ok0AUmanVMMKXf7yfF8X8"
"7MnK4Pa5cmPuw2vKrJkO3r",7,"Chased by the Swans","Darkwood","Twilight Garden","spotify:track:7MnK4Pa5cmPuw2vKrJkO3r"
"0JXY8WVlcW9H8L1yz7sQls",8,"Night Was Golden","Darkwood","Twilight Garden","spotify:track:0JXY8WVlcW9H8L1yz7sQls"
"6iPH56YqJ8NmOtYSfTBtMX",9,"The Wolf's Word","Darkwood","Twilight Garden","spotify:track:6iPH56YqJ8NmOtYSfTBtMX"
"4P4GyJCuEgQSZILPilvbf5",10,"Emma in Winter","Darkwood","Twilight Garden","spotify:track:4P4GyJCuEgQSZILPilvbf5"
