"1CLSrNivV61lnQOcd8ZMeN",3,"Catch the Midnight Girl","Stendeck","Scintilla","spotify:track:1CLSrNivV61lnQOcd8ZMeN"
"5ZH0CLAZYPRhKWTzgZ0AMa",4,"RIPLEY","Lorn","ZERO BOUNCE","spotify:track:5ZH0CLAZYPRhKWTzgZ0AMa"
"5ZclPnzOn7OwH6XAAxYpIS",4,"The Flask of Science","Keef Baker","Dry","spotify:track:5ZclPnzOn7OwH6XAAxYpIS"
"1a0pkuPsOBEt8nKUjWxKfk",3,"Neither/Neither","The Black Dog","Neither/Neither","spotify:track:1a0pkuPsOBEt8nKUjWxKfk"
"16tdrD18AaWOG8LNAynxug",1,"Lumen","Throwing Snow","Lumen","spotify:track:16tdrD18AaWOG8LNAynxug"
"0cRi4qlxAhWkVmc27KBcP7",1,"Glasir - Telefon Tel Aviv Remix","These Hidden Hands","Vicarious Memories Remixed","spotify:track:0cRi4qlxAhWkVmc27KBcP7"
"07qpaDFNLCA1IvZFCDrFEc",7,"Glunge","Ochre","Understory","spotify:track:07qpaDFNLCA1IvZFCDrFEc"
"5ecFLLkXuMdZgLYihUfFGk",1,"Turbo Olé","JASSS","Whities 027","spotify:track:5ecFLLkXuMdZgLYihUfFGk"
"3qrQ4CW1XHu0i13pP0zki8",9,"New Family","Plaid","Double Figure","spotify:track:3qrQ4CW1XHu0i13pP0zki8"
"5LxtHD8Y7Cys3I8BFFtfc3",13,"No Imback","Proem","Socially Inept","spotify:track:5LxtHD8Y7Cys3I8BFFtfc3"
"0weLR8DhNFcFHYbPYf4oU5",2,"Laif Of Smit","Brainwaltzera","Epi-Log EP","spotify:track:0weLR8DhNFcFHYbPYf4oU5"
"48eDrIgncLeslwZV4IKqVT",1,"Headphones Kid","Varsity Star","Headphones Kid","spotify:track:48eDrIgncLeslwZV4IKqVT"
"04HXYIw4Q0y5pj4rHJbqIK",1,"Morning Coffee","Getz","Anywhere Here LP","spotify:track:04HXYIw4Q0y5pj4rHJbqIK"
"01MzBhyun1vEObP3OR85Vl",1,"Theory Of Machines","Ben Frost","Theory of Machines","spotify:track:01MzBhyun1vEObP3OR85Vl"
"1xnSRAnAOVjjpT2OOd1qBd",4,"Timestretch","Bassnectar","Timestretch","spotify:track:1xnSRAnAOVjjpT2OOd1qBd"
"4b5p9pmdDiKtlExkLdqvPp",1,"Night Falls","Booka Shade","Movements","spotify:track:4b5p9pmdDiKtlExkLdqvPp"
"3ZuDGgd4AXvMKOhVktPP5h",1,"Winter Roads","Jan Blomqvist","Winter Roads","spotify:track:3ZuDGgd4AXvMKOhVktPP5h"
"6ZvcZ9fxiMvGPvsd59VEVO",6,"Burn the Lights Out","Lowfish","Burn the Lights Out","spotify:track:6ZvcZ9fxiMvGPvsd59VEVO"
"50MkrUXSXsS1Q1bn95XQcm",6,"Sleepless - Stephan Bodzin Remix","Pan-Pot","The Other Remixes","spotify:track:50MkrUXSXsS1Q1bn95XQcm"
"2vU8sgURoDtKIxKFNRauOc",6,"Triology","Abfahrt Hinwil","Links Berge Rechts Seen","spotify:track:2vU8sgURoDtKIxKFNRauOc"
"5RQqQkd8Z8gcscl9ce6ESk",1,"Take Me Into Your Skin","trentemøller","The Last Resort","spotify:track:5RQqQkd8Z8gcscl9ce6ESk"
"0CEjHv5jaJ90Fcqqnkim6S",3,"Vraiil","Arovane","Cycliph","spotify:track:0CEjHv5jaJ90Fcqqnkim6S"
"4nQZtkIyr1U3CJ0ZmE4f6C",8,"DRAWN OUT LIKE AN ACHE","Lorn","REMNANT","spotify:track:4nQZtkIyr1U3CJ0ZmE4f6C"
"3wwiBsma2wPAJ769kN7k3r",1,"Automatica","Nigel Stanford","Automatica","spotify:track:3wwiBsma2wPAJ769kN7k3r"
"1MHbZY8sTHXxZ28UhR6PFl",8,"Skynet","Swarms","Nostalgia","spotify:track:1MHbZY8sTHXxZ28UhR6PFl"
"1g4tWiFj6X8CYnScLoFxRC",2,"Painting Textures","Króm","It All Makes Sense Now","spotify:track:1g4tWiFj6X8CYnScLoFxRC"
"0IZYXuyYVMjdrKIxr6iFyo",1,"Sound City","Ariadne's Labyrinth","Twists & Turns","spotify:track:0IZYXuyYVMjdrKIxr6iFyo"
"6pDuLD5vEJkGhfjxAm7GB6",7,"Looking For Raindrops","Ariadne's Labyrinth","Twists & Turns","spotify:track:6pDuLD5vEJkGhfjxAm7GB6"
"60qnKTpgdOykWZuk3DFgb8",2,"Oblivion","Modeplex","Above Her Garden","spotify:track:60qnKTpgdOykWZuk3DFgb8"
"17ayKqObwaGaiJOqCL8sto",3,"Vraiil","Arovane","Cycliph","spotify:track:17ayKqObwaGaiJOqCL8sto"
