"1bkQkN1UphwMVKQj61nL3s",1,"Non Linear Information Life","The Black Dog","Neither/Neither","spotify:track:1bkQkN1UphwMVKQj61nL3s"
"3SYuxynehaoPubr9CDNlVw",2,"Phil 3 to 5 to 3","The Black Dog","Neither/Neither","spotify:track:3SYuxynehaoPubr9CDNlVw"
"1a0pkuPsOBEt8nKUjWxKfk",3,"Neither/Neither","The Black Dog","Neither/Neither","spotify:track:1a0pkuPsOBEt8nKUjWxKfk"
"2oeCDwJYYW8aulGpBW16IC",4,"Phil 0114","The Black Dog","Neither/Neither","spotify:track:2oeCDwJYYW8aulGpBW16IC"
"6YTmqIGcOLcfZHyRD0WPwU",5,"Control Needs Time","The Black Dog","Neither/Neither","spotify:track:6YTmqIGcOLcfZHyRD0WPwU"
"0w7pCv5XFJrPXJuGStZvWh",6,"Them (Everyone Is A Liar But)","The Black Dog","Neither/Neither","spotify:track:0w7pCv5XFJrPXJuGStZvWh"
"6HGx84o10guFIv8kF4bc2o",7,"Shut Eye","The Black Dog","Neither/Neither","spotify:track:6HGx84o10guFIv8kF4bc2o"
"0D2yHcQCVCQH70wfuZVajS",8,"The Frequency Ov Thee Truthers","The Black Dog","Neither/Neither","spotify:track:0D2yHcQCVCQH70wfuZVajS"
"5velEKG3ynyWrc4dVx7OJb",9,"B.O.O.K.S","The Black Dog","Neither/Neither","spotify:track:5velEKG3ynyWrc4dVx7OJb"
"0XeA84VXOTSNeuVnlvxMie",10,"Self Organising Sealed Systems","The Black Dog","Neither/Neither","spotify:track:0XeA84VXOTSNeuVnlvxMie"
"3eXAR119FJY1g2IDRmFN0O",11,"Commodification","The Black Dog","Neither/Neither","spotify:track:3eXAR119FJY1g2IDRmFN0O"
"75qrmuuE6at1jk9OGDWkya",12,"Phil vs David","The Black Dog","Neither/Neither","spotify:track:75qrmuuE6at1jk9OGDWkya"
"1f5IGWOG2O2qTTSWW8qCbs",13,"Platform Lvl 6","The Black Dog","Neither/Neither","spotify:track:1f5IGWOG2O2qTTSWW8qCbs"
"3uMuBalcJfitN9LhQieXKL",14,"Hollow Stories, Hollow Head","The Black Dog","Neither/Neither","spotify:track:3uMuBalcJfitN9LhQieXKL"
"64GmratmqKPw4UMS6lvpg9",15,"MK Ultrabrite","The Black Dog","Neither/Neither","spotify:track:64GmratmqKPw4UMS6lvpg9"
