"6QZbbeXS3UEpDGF1FXvCGA",1,"Чайки","Moya Mishel","Люби меня до конца мира","spotify:track:6QZbbeXS3UEpDGF1FXvCGA"
"6GqDwl4JCgNia32cmfcMFb",2,"Племянницы","Moya Mishel","Люби меня до конца мира","spotify:track:6GqDwl4JCgNia32cmfcMFb"
"123vEYLDjINR5PPxAFuFE8",3,"Чау-чау","Moya Mishel","Люби меня до конца мира","spotify:track:123vEYLDjINR5PPxAFuFE8"
"4xZRSDjwOKQsWk2IAFXeYh",4,"Санта","Moya Mishel","Люби меня до конца мира","spotify:track:4xZRSDjwOKQsWk2IAFXeYh"
"1hhnHPVWn8dSO4wyyfUtpL",5,"Медляк","Moya Mishel","Люби меня до конца мира","spotify:track:1hhnHPVWn8dSO4wyyfUtpL"
"7vNQF4UqzNEITJgKw1SFYR",6,"Океан","Moya Mishel","Люби меня до конца мира","spotify:track:7vNQF4UqzNEITJgKw1SFYR"
"42hQ60skKCUVCFTkf3zGIp",7,"Немо","Moya Mishel","Люби меня до конца мира","spotify:track:42hQ60skKCUVCFTkf3zGIp"
"74x39RaOZLySRAdnyknaYG",8,"Лермонтов","Moya Mishel","Люби меня до конца мира","spotify:track:74x39RaOZLySRAdnyknaYG"
"6R1gwDlw92jMHHDtzR4SbX",9,"ХУ","Moya Mishel","Люби меня до конца мира","spotify:track:6R1gwDlw92jMHHDtzR4SbX"
"5sGSTuNJlJnqlCcCiV41YV",10,"Молоды и красивы","Moya Mishel","Люби меня до конца мира","spotify:track:5sGSTuNJlJnqlCcCiV41YV"
"5YMWCsRatdhSR5AeLcTajb",11,"Танечка","Moya Mishel","Люби меня до конца мира","spotify:track:5YMWCsRatdhSR5AeLcTajb"
"4rXgRHy1cWH7vxxC1WMZV2",12,"Супергерой","Moya Mishel","Люби меня до конца мира","spotify:track:4rXgRHy1cWH7vxxC1WMZV2"
