"7zpngmKI8fZwVVwkK9A67A",1,"Bianca","Sam Paganini","Light + Shadow","spotify:track:7zpngmKI8fZwVVwkK9A67A"
"11yjOIQ10s0ySKqOdA4gMS",2,"Overdrive","Sam Paganini","Light + Shadow","spotify:track:11yjOIQ10s0ySKqOdA4gMS"
"0kOP7R5xPEopFoUlCcVF7g",3,"The Church","Sam Paganini","Light + Shadow","spotify:track:0kOP7R5xPEopFoUlCcVF7g"
"01I5bfF1LS5GOJy2oxjPSd",4,"Revelation","Sam Paganini","Light + Shadow","spotify:track:01I5bfF1LS5GOJy2oxjPSd"
"40LOo5heytTVH5J21hoqJj",5,"Breeze","Sam Paganini","Light + Shadow","spotify:track:40LOo5heytTVH5J21hoqJj"
"385gJIyF8GkF8uMqB5Pz1d",6,"Nocturama","Sam Paganini","Light + Shadow","spotify:track:385gJIyF8GkF8uMqB5Pz1d"
"5wkAxGgA5MDC8lCQdXufWB",7,"Starlight","Sam Paganini","Light + Shadow","spotify:track:5wkAxGgA5MDC8lCQdXufWB"
"2nSjypp6K6fcQVEZhdCYqb",8,"One","Sam Paganini","Light + Shadow","spotify:track:2nSjypp6K6fcQVEZhdCYqb"
"1veiP9J6LdTSchjaeFdhk3",9,"Flash","Sam Paganini","Light + Shadow","spotify:track:1veiP9J6LdTSchjaeFdhk3"
"3QARmdH2XSlpCKiVRuC4QE",10,"Mutron","Sam Paganini","Light + Shadow","spotify:track:3QARmdH2XSlpCKiVRuC4QE"
"6crCgUYa1W6S03AY2a3nTv",11,"Galaxy","Sam Paganini","Light + Shadow","spotify:track:6crCgUYa1W6S03AY2a3nTv"
"2SiubfyxpYl8jGG5z3blhT",12,"Heaven","Sam Paganini","Light + Shadow","spotify:track:2SiubfyxpYl8jGG5z3blhT"
