"00G5K7tMyR6HnHQU93NQuJ","Reworks 2.0","","https://i.scdn.co/image/ab67616d0000b273df69d7a61466ca34c16300e5","31epeiix5dttigntvwaztibsrgcu","ceth","user"
"0Q6PI2tvJFR5jiM88FBmsT","The Maze To Nowhere","","https://i.scdn.co/image/ab67616d0000b2734e7be339cee55cf14e6bc50f","31epeiix5dttigntvwaztibsrgcu","ceth","user"
"0aBNOaAmseBrNiVyPGzJ9Q","Dry","","https://i.scdn.co/image/ab67616d0000b27366db02069662d95338f118ce","31epeiix5dttigntvwaztibsrgcu","ceth","user"
"0h1OrovIfFZzV8F8viysRb","Epi-Log EP","","https://i.scdn.co/image/ab67616d0000b2739511b938aadc0fd07872aa92","31epeiix5dttigntvwaztibsrgcu","ceth","user"
"0pjlHwF65mnKGgrlCH9D0B","Spotify Uncharted: Bruce Springsteen","Created with Spotify Uncharted recommendations discovery app (https:&#x2F;&#x2F;spotify-uncharted.com)","https://mosaic.scdn.co/640/ab67616d0000b2734b502623ce2ab3d27798876aab67616d0000b273a7865e686c36a4adda6c9978ab67616d0000b273ef063cb80508c55eb443a671ab67616d0000b273f607580794ed5b352884fd47","31epeiix5dttigntvwaztibsrgcu","ceth","user"
"0vyZP4KLibBZAMbIecVTee","Noize MC – Мы вышли из кино (Трибьют Кино)","","https://i.scdn.co/image/ab67616d0000b27361ba826692293a30b35475ee","31epeiix5dttigntvwaztibsrgcu","ceth","user"
"11SHDoqVLpNFoQeuo8qaD2","Svidaniye – Ангела ко сну","","https://i.scdn.co/image/ab67616d0000b273af9c705d43064a0a0062dc43","31epeiix5dttigntvwaztibsrgcu","ceth","user"
"11liySdzyUXHm2JLOb5sBl","ENDLESS HALLWAY","","https://i.scdn.co/image/ab67616d0000b2734f94e30c4a4f2ba3a436531e","31epeiix5dttigntvwaztibsrgcu","ceth","user"
"14g7lecbq7KJJN0ycCF97y","A-Sides, Vol. 8","","https://i.scdn.co/image/ab67616d0000b273517e43394e1a65ae0f0643cc","31epeiix5dttigntvwaztibsrgcu","ceth","user"
"1BKmeMft6JSUxYxoIvdxkM","Techno","","https://i.scdn.co/image/ab67706c0000bebbb656f406ed844df3d475860e","31epeiix5dttigntvwaztibsrgcu","ceth","user"
"1Eobq7aPm6vWgjAEPop1Nh","Songs 4 Hate & Devotion","","https://i.scdn.co/image/ab67616d0000b273c7e97ae9cac05087609f14a6","31epeiix5dttigntvwaztibsrgcu","ceth","user"
"1N163YG3HnyAE5H2WqVasQ","White Light from the Mouth of Infinity","","https://i.scdn.co/image/ab67616d0000b2730fd1f799bdb626563369652e","31epeiix5dttigntvwaztibsrgcu","ceth","user"
"1N4ryCpjHlyAdjkuETKD1Q","Raised by Wolves: Season 1 (Soundtrack from the HBO Max Original Series)","","https://i.scdn.co/image/ab67616d0000b273bb8c6aee17cc0ca50742687b","31epeiix5dttigntvwaztibsrgcu","ceth","user"
"1NlwAAVqtz8sr0iUFWY01H","Theory of Machines","","https://i.scdn.co/image/ab67616d0000b273337ef1f1c248030b953a978b","31epeiix5dttigntvwaztibsrgcu","ceth","user"
"1SrPzEUCmsOaKq7Cgdzt5R","Greg Puciato – Mirrorcell","","https://i.scdn.co/image/ab67616d0000b27333db29da7d6fe0e1e14240cb","31epeiix5dttigntvwaztibsrgcu","ceth","user"
"1grz8S6pYaRbyt9qJg8H0K","Dj Mixes","","https://i.scdn.co/image/ab67706c0000bebb36fcc04b5631f3f35466ee97","31epeiix5dttigntvwaztibsrgcu","ceth","user"
"1lvlDu6ddEaIx4tMYV16lG","Fear Before The March Of Flames – The Always Open Mouth","","https://i.scdn.co/image/ab67616d0000b2739e2ee26c6c069d8afc688f33","31epeiix5dttigntvwaztibsrgcu","ceth","user"
"1mwhbHn04NsInRknZtAObg","Regenesis","","https://i.scdn.co/image/ab67616d0000b27332f0165761046567e3104636","31epeiix5dttigntvwaztibsrgcu","ceth","user"
"2kwyp2WbFYCp6dYfpJlziM","Cast in Oil The Dressed Wrought","","https://i.scdn.co/image/ab67616d0000b273fd57a13c7e4f5e9a9f5b066f","31epeiix5dttigntvwaztibsrgcu","ceth","user"
"2pyHxan48XdDQiaeFK8nLG","Progressive House","","https://i.scdn.co/image/ab67706c0000bebb705915eb44462a9752ce7ccc","31epeiix5dttigntvwaztibsrgcu","ceth","user"
"2rqMwqHta19jupVZGs4clF","Пионерлагерь Пыльная Радуга – Тот, кому не нужно счастье","","https://i.scdn.co/image/ab67616d0000b273ac6bf5d7a740935ca69f0c39","31epeiix5dttigntvwaztibsrgcu","ceth","user"
"3AN17fkO1gc2U76jwh7mGZ","A-Sides, Vol. 6","","https://i.scdn.co/image/ab67616d0000b2730a65e86a013692fc9dcd71e9","31epeiix5dttigntvwaztibsrgcu","ceth","user"
"3J57PlukeUYtQNWoHrYyIi","Spotify Uncharted: German Techno 2023","Created with Spotify Uncharted recommendations discovery app (https:&#x2F;&#x2F;spotify-uncharted.com)","https://mosaic.scdn.co/640/ab67616d0000b27345f38b59f6cc6055b810ee49ab67616d0000b273b5e824d3b668aa1ae82e846cab67616d0000b273d2d5be9325cb158e2cfe66f6ab67616d0000b273ed79f2e5ae55e6e204b907b8","31epeiix5dttigntvwaztibsrgcu","ceth","user"
"3OBzdyOWh6NlJiccmnR16e","Krasnoznamyonnaya Diviziya Imeni Moyei Babushki – УВЫ","","https://i.scdn.co/image/ab67616d0000b273f7f0138f1cc76c90b1e2ac9a","31epeiix5dttigntvwaztibsrgcu","ceth","user"
"3R3i6Gqit7YXeiiZTvpz3R","Understory","","https://i.scdn.co/image/ab67616d0000b27326dc3d58304c7c2f82b0b51b","31epeiix5dttigntvwaztibsrgcu","ceth","user"
"3bS2diNa7EjUyCTCAtUPBr","Sólaris","","https://i.scdn.co/image/ab67616d0000b273c0d66ac10b6efc6e51e255bd","31epeiix5dttigntvwaztibsrgcu","ceth","user"
"3dkjUKMTIBvrkrgvptmDnc","REMNANT","","https://i.scdn.co/image/ab67616d0000b273b5b9ef714b83c177f8425d8d","31epeiix5dttigntvwaztibsrgcu","ceth","user"
"3fA6VBFMe6mhmKdLkijkUY","Past Lives","","https://i.scdn.co/image/ab67616d0000b2734d2cdcb487a9cc82882c16ad","31epeiix5dttigntvwaztibsrgcu","ceth","user"
"3n0hVH7iBfIZSEeYCMn4Cv","hodíla ízba – Ходуном","","https://i.scdn.co/image/ab67616d0000b273544106f1caaaf0e3cc26a5b6","31epeiix5dttigntvwaztibsrgcu","ceth","user"
"3pwyu4WLjm3nargXESBJRu","Parole Violator","","https://i.scdn.co/image/ab67616d0000b273c8dcd3f4300671a8074b54f2","31epeiix5dttigntvwaztibsrgcu","ceth","user"
"3vsd89sufinYK4IvB7sZnw","Electronica","","https://i.scdn.co/image/ab67706c0000bebbf963502b604454aab9b9227d","31epeiix5dttigntvwaztibsrgcu","ceth","user"
"3whxqpcl5LklN4nmZifyNj","Disquisition on an Execution","","https://i.scdn.co/image/ab67616d0000b273bf9a0f5546732336f76e4370","31epeiix5dttigntvwaztibsrgcu","ceth","user"
"43zQ8p3U0TqOFZd7HK0bDc","A-Sides, Vol. 7","","https://i.scdn.co/image/ab67616d0000b273d6587ba75c47f638c2717c01","31epeiix5dttigntvwaztibsrgcu","ceth","user"
"4400CreT8BslzbIAaWNLyt","Socially Inept","","https://i.scdn.co/image/ab67616d0000b2734cb4d3f8489e2bbc9e71b862","31epeiix5dttigntvwaztibsrgcu","ceth","user"
"48kJyp1Eng0B7JHIFcWjEX","2022, The Best","","https://i.scdn.co/image/ab67706c0000bebb0c2861226559f2ca13bf6920","31epeiix5dttigntvwaztibsrgcu","ceth","user"
"4DAwHMjEzDWWIAnFiGoleP","Anywhere Here LP","","https://i.scdn.co/image/ab67616d0000b2737b2b61655bae8c914bc3e9aa","31epeiix5dttigntvwaztibsrgcu","ceth","user"
"4GEVfRUWsjoReXIWA29f2h","Twists & Turns","","https://i.scdn.co/image/ab67616d0000b273d5560dce41905aedf9c051a2","31epeiix5dttigntvwaztibsrgcu","ceth","user"
"4LbqWpoV0QUPsHX7452lv2","The Generation Of Danger","","https://i.scdn.co/image/ab67616d0000b2734c4e81af77b57ab26c86821c","31epeiix5dttigntvwaztibsrgcu","ceth","user"
"4UEJhyWhwyfli9ViAiVRM9","Mosaic","","https://i.scdn.co/image/ab67616d0000b2736da7ec971670ca902a9f4ac4","31epeiix5dttigntvwaztibsrgcu","ceth","user"
"4VIpsdi81a5aE7wN6rPN8J","Twilight Garden","","https://i.scdn.co/image/ab67616d0000b273daaa8870b4d631290a97ee3c","31epeiix5dttigntvwaztibsrgcu","ceth","user"
"4jzJa4d1WXW8eLc1Obc489","Latitudes – Agonist","","https://i.scdn.co/image/ab67616d0000b273fc4482ed35a62502eb8a6748","31epeiix5dttigntvwaztibsrgcu","ceth","user"
"4uo5usRJI0Po0R9eeKlkB3","Trifonic – Emergence","","https://i.scdn.co/image/ab67616d0000b27358a1932c7273e6942e9c078e","31epeiix5dttigntvwaztibsrgcu","ceth","user"
"4vbqbXbMITvp7KbC7Ny7sK","2023, The Best","","https://i.scdn.co/image/ab67616d0000b2732f3f5397b9b80760f9e45a28","31epeiix5dttigntvwaztibsrgcu","ceth","user"
"4xJQeVm8pcEkrt2PatxTKx","IDM, Acid, BrainDance and Glitch","","https://i.scdn.co/image/ab67706c0000bebb144b3ee26ee11d122eca23c2","31epeiix5dttigntvwaztibsrgcu","ceth","user"
"50RaMd9ZSjgWS0KYZnIUi3","Genghis Tron – Dream Weapon","","https://i.scdn.co/image/ab67616d0000b2738b248df1f236c13babdd3903","31epeiix5dttigntvwaztibsrgcu","ceth","user"
"51yjyeCCbcwMVp3pfZpWUi","Neither/Neither","","https://i.scdn.co/image/ab67616d0000b273a1efbb6f3466376d7a8efd1f","31epeiix5dttigntvwaztibsrgcu","ceth","user"
"526ilnTJInApnhzVIgfj5w","Vicarious Memories Remixed","","https://i.scdn.co/image/ab67616d0000b27317acebe01310c68244e3c639","31epeiix5dttigntvwaztibsrgcu","ceth","user"
"56s04s2GxBjhjj0BKudvbh","Links Berge Rechts Seen","","https://i.scdn.co/image/ab67616d0000b273740ec84e24cde115eff29ad2","31epeiix5dttigntvwaztibsrgcu","ceth","user"
"5A8fnbbQvQYqiejuOJAkPW","Spotify Uncharted: Katatonia","","https://mosaic.scdn.co/640/ab67616d0000b2731465df104ab9c7772fe0da9bab67616d0000b273742b642295b30f55feb44142ab67616d0000b273861325e584f8bae4ba1289a0ab67616d0000b27394642242efbaaeb167587498","31epeiix5dttigntvwaztibsrgcu","ceth","user"
"5B9hsXMEsKGqpoujSJLp0l","Modeselektion, Vol. 4","","https://i.scdn.co/image/ab67616d0000b273ad61d200bca28a25a2ca0d59","31epeiix5dttigntvwaztibsrgcu","ceth","user"
"5GYr1lccKxfJEycC6Sa8fn","IDM, Acid, BrainDance and Glitch","","https://i.scdn.co/image/ab67706c0000bebb4f9981c4898201b1f20312c3","31epeiix5dttigntvwaztibsrgcu","ceth","user"
"5LN833pjmbf45Vp2zIjGtz","New Generation","","https://i.scdn.co/image/ab67616d0000b2734984ecfd1cec96dfc3cb80d7","31epeiix5dttigntvwaztibsrgcu","ceth","user"
"5TYo9qq26zHd5YD33PykYf","Monumentum","","https://i.scdn.co/image/ab67616d0000b273ac6b4d46da87ffca5c467ed6","31epeiix5dttigntvwaztibsrgcu","ceth","user"
"5YHZfqWx2fIiXDksmcHZhq","Moya Mishel – Люби меня до конца мира","","https://i.scdn.co/image/ab67616d0000b273d82e4450fbf3057395a63a54","31epeiix5dttigntvwaztibsrgcu","ceth","user"
"5ZEZcs3X2siCHt4euWqKV0","Light + Shadow","","https://i.scdn.co/image/ab67616d0000b273a27fe1af335e94653edc6ece","31epeiix5dttigntvwaztibsrgcu","ceth","user"
"5bSdLSIXYsc4KdCP8CwcJx","Movements","","https://i.scdn.co/image/ab67616d0000b27369915371f6c12ff712050d6d","31epeiix5dttigntvwaztibsrgcu","ceth","user"
"5g5KFEVOgBwl2ORis4CC5g","Immunity","","https://i.scdn.co/image/ab67616d0000b273235e762de339c6076aa824dd","31epeiix5dttigntvwaztibsrgcu","ceth","user"
"5xOkMoPttoVmneUxXZuVa7","Los Traperos","","https://i.scdn.co/image/ab67706c0000bebb10ce9cd744ee0fd05d55103f","31epeiix5dttigntvwaztibsrgcu","ceth","user"
"63kgW4kXofsNWtscDpWL2h","Alai Oli – Satta Massagana","","https://i.scdn.co/image/ab67616d0000b27399878b7f6baa1d2167d82d39","31epeiix5dttigntvwaztibsrgcu","ceth","user"
"66mKsr5kIYs4hwuXC4fGLp","ZERO BOUNCE","","https://i.scdn.co/image/ab67616d0000b2732ab6ab1e3fb6638de1145f8f","31epeiix5dttigntvwaztibsrgcu","ceth","user"
"6JrJLEHVvGBvsVFEShcy26","Against a Dark Background","","https://i.scdn.co/image/ab67616d0000b2736c35fb11e1cb950cbd12030d","31epeiix5dttigntvwaztibsrgcu","ceth","user"
"6aR0X8agOVAzSBkKAdStz3","Nebel Leben","","https://i.scdn.co/image/ab67616d0000b2732bec8693d5789f0e3a8e346d","31epeiix5dttigntvwaztibsrgcu","ceth","user"
"6sg7yV1fBzaf1MVkGcCQD0","Wolf Pact","","https://i.scdn.co/image/ab67616d0000b2738bcf06fc22e6f6fde97856c3","31epeiix5dttigntvwaztibsrgcu","ceth","user"
"6uD05uNNlryuBZs40y6Ps5","It All Makes Sense Now","","https://i.scdn.co/image/ab67616d0000b2737d44ef3ac83ea3fd30c12711","31epeiix5dttigntvwaztibsrgcu","ceth","user"
"6w1Z4cTIlSWhn5zqh1Wkas","STAKE – All Is Chaos","","https://i.scdn.co/image/ab67616d0000b273cabcbe3f68d9befefb064360","31epeiix5dttigntvwaztibsrgcu","ceth","user"
"71BiytsrLBms3eu3WMcmpQ","A World Of Service","","https://i.scdn.co/image/ab67616d0000b273fe4eda7678d4532d9cb95462","31epeiix5dttigntvwaztibsrgcu","ceth","user"
"7BGYP5grp65PxpTFR4my84","Механизмы","","https://i.scdn.co/image/ab67616d0000b273d7b56f8a86cf9a505dcf90d9","31epeiix5dttigntvwaztibsrgcu","ceth","user"
"7Bz6OVQJ00U8UuMXSi2erg","Above Her Garden","","https://i.scdn.co/image/ab67616d0000b2738fc82b10ecc8a05a691d565f","31epeiix5dttigntvwaztibsrgcu","ceth","user"
"7LbHhtXtTj3m97EhbwYQHE","Prodigal","","https://i.scdn.co/image/ab67616d0000b2739c15a04bba6ba22806664477","31epeiix5dttigntvwaztibsrgcu","ceth","user"
"7za2ypiVsP41qxjr4LGgKl","Nizkiz – Синоптик","","https://i.scdn.co/image/ab67616d0000b273a18416baa0b0c4c4ff630da3","31epeiix5dttigntvwaztibsrgcu","ceth","user"
