"...And Oceans","0rWmH68lIyVOGYhhvayFzu"
"...And Stars Collide","2qdiINsk7B4JegWOhdXXuK"
"...And You Will Know Us by the Trail of Dead","6wBUn8gMP85n8dPu6LoUcF"
"1476","0GYsPHaH0xpTk46eU01YKR"
"21 Savage","1URnnhqYAYcrqrcwql10ft"
"2Pac","1ZwdS5xdxEREPySFridCfh"
"3 Doors Down","2RTUTCvo6onsAnheUk3aL9"
"36 Crazyfists","4ijGLY4dzlurDh7jqH3tW7"
"3Phaz","2WppDdBP2KM6uqiWO9k8bJ"
"40 Watt Sun","19pyT3VlqEXiozOlxsk1vt"
"65daysofstatic","6DVVsQAnpHdJjb1nYuOQ6g"
"90 Day Men","0O8qR9Atrl048ESu2mG9PH"
"96 Bitter Beings","0QnzcdDAygAr8wb0BoSxcU"
":Of The Wand And The Moon:","6bdOuFTmkGliFvCkdpH49Z"
":Wumpscut:","3TTbkikkCAbUg2j5i9UrTV"
"A Day To Remember","4NiJW4q9ichVqL1aUsgGAN"
"A Lot Like Birds","4tGd3HHlV4RVOdlBc5LAW3"
"A Perfect Circle","4DFhHyjvGYa9wxdHUjtDkc"
"A Place To Bury Strangers","3kx1S2P2Qq3a9bG4DGsAjR"
"A Pregnant Light","1s32niwuZQOoGNcwUTIaSC"
"A Sense of Gravity","5XyAbUGJI5lDe8oFfwPtrf"
"A Storm of Light","0YxSv3EC8so159M3doFdgB"
"A.A. Williams","1D0MStnRzJeelcnDjeBo8O"
"AC/DC","711MCceyCBcFnzjGY4Q7Un"
"AFX","7eKOUBaqJRBk3wvYpaUExB"
"AFX","6ULjGlnhcCwHIJigN47K5U"
"AIGEL","1gpjSKJC0UekvhaI8fAcoq"
"ALEPH","2ncTglxMHKmCzBKckfzOEv"
"ANNA","7K80yOTC0Id95gRaOxDG5u"
"ANNA","3wkaDi2HJV3eCaBJ4iH6om"
"ANOHNI","6VJZYivuYJGCrPuOAnI7Qo"
"ATL","2n6CVwo43YvjiTgcPxYWrf"
"AWOLNATION","4njdEjTnLfcGImKZu1iSrz"
"Aara","3UpDjZ41s0rOQsDKSECKmt"
"Abbath","1epGwdbjU7JSGVBHlqptpx"
"Abbes","2dJ2feu9rUvQHuilMkwggr"
"Abigail's Ghost","4jVT4HAfl4uKEyiSJdtSuq"
"Abney Park","0Wv385aRvyuQLODQLsT8Zl"
"Absurd Minds","0L4iq15qO4HwZvEcVMI7U3"
"Abul Mogard","4bNteCe0Beu161GmkB8Rq7"
"Accept","3JDIAtVrJdQ7GFOX26LYpv"
"Access to Arasaka","5SFU7HLhBYOfksGMeRUKnR"
"Accessory","0Z8Jfh6OHa55AI6NdEjtUk"
"Actress","3bg5rmICvmA8dmYVAdKGYH"
"Ad Infinitum","2X3qFQFHkm1sOGo5ppIoSD"
"Add N To (X)","3pcItz4w7h7fpTDgnTYIUn"
"Adele","4dpARuHxo51G3z768sgnrY"
"Adrenaline Mob","1OiOWEQ9miUl9QbCX5JNza"
"Adrian Younge","4aMeIY7MkJoZg7O91cmDDd"
"Aerosmith","7Ey4PD4MYsKc5I2dolUwbH"
"Aesop Rock","2fSaE6BXtQy0x7R7v9IOmZ"
"Aesthetische","5t5PDgPVvc4Zp5zNnQuLWC"
"After The Burial","0uNj4RxFjG0iVPlZS753en"
"Agalloch","3Meu28o8P5z9Zjm6NTGihT"
"Agatha Christie","6UvQrW56NzLbUtAKIdTg8N"
"Age of Apocalypse","0vMfvtQ4YXnMFh1az1izft"
"Agent Fresco","11bnNpakfiBkP6MqpyrRjD"
"Agent Steel","1FQv3rI4iJPitbZiTxBGut"
"Agnostic Front","3zDvanHxaETiHltPkKKYhT"
"Agonised By Love","0DkUlUOzFcGfWVYD6M5IO2"
"Agonoize","76gauxdapMkInaQG5fl2Xv"
"Ah Cama-Sotz","4TCYARFcOs2eurLqtUOOJF"
"Ahab","2N8XkSGgBeH1VrFHxbarbz"
"Aho Ssan","6DP0aNDMupNmkyK4drCrvC"
"Airbag","1wKDGglKV4FsFS85r2Dmpr"
"Airbag","0gTqi1zdqD9s6islG2wLKC"
"Airbourne","6urzdpGY5yUimWZsgJUoTb"
"Ajattara","19WQljDiwhjoGNc8CMbQgn"
"Al Wootton","77yJIgEEpUU5f87MWDEPwO"
"Al-Qasar","5YNogRtX8STIHo3YmOTR7r"
"Alai Oli","4snI0qikpQST1U1VWAxEY6"
"Alan Fitzpatrick","40JyDxGqtYSowWYT2jaive"
"Alanis Morissette","6ogn9necmbUdCppmNnGOdi"
"Alcest","0d5ZwMtCer8dQdOPAgWhe7"
"Alestorm","3OpqU68JpZlzvjAJj3B2Da"
"Alexisonfire","53RsXctnNmj9oKXvcbvzI2"
"Alfa Mist","2i1CPudyCUjL50Wqjv8AMI"
"Alice Cooper","3EhbVgyfGd7HkpsagwL9GS"
"Alice Glass","4ukk0IyB7vL97QirpOcNr3"
"Alice In Chains","64tNsm6TnZe2zpcMVMOoHL"
"Alien Weaponry","2vov4zolAP7zbIhB5CsIPm"
"Alisa","5ggxe6RGD8zHfaCbwTdtw5"
"Alison Goldfrapp","72f5AR6hMeL3BwtcO7HqhS"
"All Pigs Must Die","1lTEsWeT539Ojf2X1Ba7ba"
"All That Remains","2zgG1GPDvjaBgxeQaVXI14"
"All Them Witches","29Wmfm1CojrjQ3aQP0FI65"
"All Things Fallen","2ipqxHJWHjOxpgJcLhFeJp"
"Allen Lande","2hxa4ytcni5FUIK8IR27tX"
"Allie X","0wnYgCeP013HkKoOyC5V32"
"AloeVera","50QfhXI1069kvJI5RPBLM3"
"Alphaville","0xliTEbFfy5HQHvsTknTkX"
"Alpinist","7neQI2HpRBRTcQmHexnk4R"
"Also Eden","3GEPYksfirAEYitoWDoaum"
"Altar Of Plagues","1K4ZUQr2eaIqDLS8o5Gesh"
"Alter Bridge","4DWX7u8BV0vZIQSpJQQDWU"
"Amaarae","21UPYSRWFKwtqvSAnFnSvS"
"Amarok","7wzRaLHNSWIG8ZHK2hQljt"
"Amaseffer","3jE3omiMICzqSeXFzLaPxH"
"Amelie Lens","5Ho1vKl1Uz8bJlk4vbmvmf"
"Amenra","0N1jE1EIrhZjvQSfuLupUu"
"American Football","5FwydyGVcsQllnM4xM6jw4"
"Amira Elfeky","6Z4kwq0LOaYQW2CqudoOIk"
"Amon Amarth","3pulcT2wt7FEG10lQlqDJL"
"Amon Tobin","3mvkWMe6swnknwscwvGCHO"
"Amoral","2vJpjWQKzUkzTtbFhDM3cE"
"Amorphis","2UOVgpgiNTC6KK0vSC77aD"
"Amorphous Androgynous","1edIQYI7l4FMeYwq6fNAZQ"
"Amplifier","5Da9MrRa6LvlNWgp3OZbQy"
"Amy Macdonald","1hJuGCUpefX24GFmss9bjH"
"An Autumn for Crippled Children","7yMpYMZTr6Hm1Dm5CR0CRZ"
"Anaal Nathrakh","7vrrJ5YlL3I8XUrh1ktGJV"
"Anacondaz","2e7yDxnK4osy7nKhnqrOFM"
"Anat Cohen","64uVMGwRMxvNbymPIveiZH"
"Anathema","0ZXKT0FCsLWkSLCjoBJgBX"
"Anchor","56BH5EZdHEIKiWGvVbiaXe"
"And So I Watch You from Afar","7qKMNwlACMZOUdMG3acwst"
"Andrew Lloyd Webber","4aP1lp10BRYZO658B2NwkG"
"Anekdoten","79U6sDp9JfvVqlVFZnw0mm"
"Angizia","4rL0O3O3BYKk1Cuz77anHw"
"Angtoria","2XboXFS9ENxbne9aajZlAc"
"Animal Collective","4kwxTgCKMipBKhSnEstNKj"
"Animal Jazz","5qG2J0qnQEu26oybRztt0H"
"Animals As Leaders","65C6Unk7nhg2aCnVuAPMo8"
"Anja Schneider","0f14r70OISSfJoyqYaHbgV"
"Ann Clue","5fasubnSIOTRYlIZA17ong"
"Anna Jantar","32ojq4MJxHtYDXaeb1LIzm"
"Anna Meredith","5zDUidkda0GoYHu2vMr3G2"
"Anneke van Giersbergen","6TZqJnkAytY8HFQBEdDF8v"
"Annihilator","0L8QRAAuWjqvTM8FpQ1gYO"
"Annisokay","7lAi1Cv19DsukgGjbZQxFg"
"Annum","2QVgyIDyAaaXo14z4NeEqa"
"Anorexia Nervosa","1hLFppCfgvSTH9C6ftWOoU"
"Anouar Brahem","1aO9NulHwrE9pxHXFfCIoM"
"Ansome","14gRo11WOeTXBDcgFr8Ejb"
"Anteloper","22N13sDYkfrSOZp1CptvIN"
"Anthrax","3JysSUOyfVs1UQ0UaESheP"
"Anti-Flag","30sqtiTKIb1oDve0SdYayT"
"Antimatter","2k4duorvZ5lTq33ljpT0sc"
"Anubis Gate","0U8k7A7exNraVR7goI7X8G"
"Any Given Day","4p6RoajGbtqLSfYZpFxHyU"
"Aphex Twin","6kBDZFXuLrZgHnvmPu9NsG"
"Aphyxion","40UIlN4YEByXy4ewEZmqXu"
"Apocalyptica","4Lm0pUvmisUHMdoky5ch2I"
"Apoptygma Berzerk","3OHbToMuJihWhRcqzKjpBd"
"Apparat","40Ojab0UtVQFjA76qXr8Ot"
"Applescal","3OOOyfUshaLXxcMdlGl7H5"
"Aquarium","3nAumcukmBxn8y7Su8RagW"
"Arab Strap","6g8Jqb5JMfv92eB2r0awTN"
"Arabs In Aspic","1ELktqazsduNTO0cvCc3jG"
"Arcade Fire","3kjuyTCjPG1WMFCiyc5IuB"
"Arcane","57nPqD7z62gDdq37US9XJR"
"Arch Enemy","0DCw6lHkzh9t7f8Hb4Z0Sx"
"Architect","3XOLlcdYjqHcM3F5J0c8TO"
"Architects","3ZztVuWxHzNpl0THurTFCv"
"Archive","1Q776wzj2mrtXrNu3iH6nk"
"Arctic Monkeys","7Ln80lUS6He07XvHI8qqHH"
"Arcturus","0UGvFl1tJ49Co99gaXZH9Z"
"Arcángel","4SsVbpTthjScTS7U2hmr1X"
"Aria","0ICn3Cbc4mMeLmTvwnqXYu"
"Ariana Grande","66CXWjxzNUsdJxJ2JdwvnR"
"Arkona","6AJ9HQ2Ptp1WWEfBFvR5fF"
"Armand Hammer","3SCI7sXHUZIeDKMWC5NT9C"
"Armin van Buuren","0SfsnGyD8FpIN4U4WCkBZ5"
"Armored Saint","4ug41UGuMZzlV2hJOrOqHN"
"Army of Bones","1md7FOAzbCfuN20FNgpipS"
"Arovane","6wNOfYFlLoZxi37nmPIB0c"
"Artension","5tC0z3BsYo6yXgXWxOVxEA"
"Artillery","6N62Sla6F2uuEzNALo6720"
"Artisti Vari Italiani","6zhAviexmmNQucb2aXNjPE"
"As I Lay Dying","2vd2HnNh4pdYa9gDVHFjEu"
"Ashbury Heights","3rclGaNhwMNMcU2GkN91j9"
"Ashenspire","3o4fUiasOIIsbjY8urlqX9"
"Asia","1bdytLV3FPjyhfrb6BhMej"
"Asking Alexandria","1caBfBEapzw8z2Qz9q0OaQ"
"Aslan Faction","0lQboGciurkrccKwc4Ni3Y"
"Assemblage 23","7pwThElmrxl0pjTwXMojCx"
"Astral Doors","0lc8BWRWnjTL78iCV21Bo9"
"Astronoid","2S13OV7nLeciVigE0Wxo7E"
"At The Gates","6YXarbjg36ODFPez0PnOlD"
"At Vance","4alZ73UZp90icEjdKjSIxw"
"At the Drive-In","5E2rtn57BM2WPjwak4kGd5"
"Ataraxia","5kn8t9YN76msojqGv6hgIz"
"Atheist","5QPy3HBn3AwzLEAQ8QeIo4"
"Atmosphere","1GAS0rb4L8VTPvizAx2O9J"
"Atomic Rooster","6Ix7Hx8Af0jg9X4OfD9sYR"
"Atoms For Peace","7tA9Eeeb68kkiG9Nrvuzmi"
"Atreyu","3LkSiHbjqOHCKCqBfEZOTv"
"Atrium Carceri","6UIsHrMMddC9hmkwI4J3Jr"
"Attila","4Uv5bceTJ2h3tLlssUNDNP"
"Audioslave","2ziB7fzrXBoh1HUPS6sVFn"
"Audrey Horne","7HudjH2VxKdpK8nj2U6yls"
"August Burns Red","5p9CTsn5ueGU4oScNX1axu"
"Auktyon","7pUNFHEe0MlfvvDG1dXH3m"
"Austere","7gyVPCoE80rSyEW6yuJ6HM"
"Autechre","6WH1V41LwGDGmlPUhSZLHO"
"Autumnblaze","11MqpRTJBqQJJuk1GxslNJ"
"Avalon Emerson","4yrO1N273PlTaixa4BNwBz"
"Avantasia","1Ih0fEQQsy9EeAJbYEeQRa"
"Avantdale Bowling Club","5Cs7q4jgkzn0pmj34qncqw"
"Avenged Sevenfold","0nmQIMXWTXfhgOBdNzhGOs"
"Avril Lavigne","0p4nmQO2msCgU4IF37Wi3j"
"Awakening Sun","1cEjFjoSrq4vgbB3vnWU9v"
"Axel Rudi Pell","7dWw3TXxNe2aEhng9vVRNl"
"Axxis","2kGeYVloFXuKXgXnhQTcIT"
"Ayreon","2RSApl0SXcVT8Yiy4UaPSt"
"Ayron Jones","1iEaqWaYpKo9x0OrEq7Q7z"
"Azu Tiwaline","0HZwEDqo4wYPQIGacES3mB"
"BAMBARA","0JHvODQe3KnriRMPuZPNL6"
"BICEP","73A3bLnfnz5BoQjb4gNCga"
"BIG|BRAVE","5nlpqhz47LYv7KvarJdh44"
"Babe Ruth","0U04xAocTetRnA7v3TYQ2i"
"Baby Strange","0rOadSgjgHpAXqcEq4D0xS"
"Backxwash","4du3q8TIzsZxZZKdRT23Jg"
"Backyard Babies","4ASJkb9HOe3Vz5ZaXOjnfN"
"Bad Company","5AEG63ajney2BoDXi0Vb84"
"Bad Omens","3Ri4H12KFyu98LMjSoij5V"
"Bad Religion","2yJwXpWAQOOl5XFzbCxLs9"
"Bad Sector","2d4vdjYFshwYIZt9rWP8vN"
"Bad Wolves","0eI3X5rAzHRZVe5FPk4MN1"
"Bandz Talk","3gsP3u24z2hw1nojldRCjF"
"Barclay James Harvest","2pVMD4bFwl4AyoYyyo51Qg"
"Barock Project","1PKB3oDVcZBThmJCYyMOQH"
"Baroness","3KdXhEwbqFHfNfSk7L9E87"
"Barren Earth","4o8YZJFsViA32OE9WnG8Gt"
"Bassnectar","1JPy5PsJtkhftfdr6saN2i"
"Basta","7as5DY4Rz9jac9tgoTrj9H"
"Bathory","6rBvjnvdsRxFRSrq1StGOM"
"Battle Beast","7k5jeohQCF20a8foBD9ize"
"Bauhaus","5N5tQ9Dx1h8Od7aRmGj7Fi"
"Baxter Dury","0EgHhNmWcjusA7F2heSD0O"
"Be'lakor","7qUcsMCdIHrs2LOZlmciQp"
"Beach House","56ZTgzPBDge0OvCGgMO3OY"
"Beak>","5MGxwE9JG5IA6uqswrgNL6"
"Beardfish","5g8zU3hIMirIT8gwhV6Hlz"
"Beartooth","6vwjIs0tbIiseJMR3pqwiL"
"Beast In Black","0rEuaTPLMhlViNCJrg3NEH"
"Beastie Boys","03r4iKL2g2442PT9n2UKsx"
"Beats & Pieces Big Band","4c2AYwrDsgr17sRTiVKfKV"
"Beautiful Leopard","0UNJUcFTG9AYnsALitKh35"
"Beborn Beton","1DsA0Dbq7WvsNkZZlrRZuz"
"Beck","3vbKDsSS70ZX9D2OcvbZmS"
"Becky G","4obzFoKoKRHIphyHzJ35G3"
"Becoming The Archetype","2lt0aSPzPngGw8KsfLYRyF"
"Bee Gees","1LZEQNv7sE11VDY3SdxQeN"
"Beefeaters","4rplbOIy9spnsuAvVXpqyR"
"Been Stellar","3ep1YmatQ8L9UKCGYiJNBh"
"Behemoth","1MK0sGeyTNkbefYGj673e9"
"Being As An Ocean","7ML9AQvVVE3c5m0sx1PlmP"
"Belief Defect","3guYTwyJiZvAITMZah8gKq"
"Bell Orchestre","1eGeixtxaPiyKM6CPVANqr"
"Belle and Sebastian","4I2BJf80C0skQpp1sQmA0h"
"Ben Chatwin","2ZXS1ByJPR3XHgP8V3qDf8"
"Ben Frost","6qEM4txXHvfMbOUOK9L7pl"
"Benediction","1Lx9Dy5gi2OLlJBBs7GYO7"
"Beseech","3FOq0lTi6Yir8IDs6eOH5b"
"Besra","0D3wZIp3UHOPXI92ns29l2"
"Beth Gibbons","6Lt6KFXX3P0v6vfrynQAMo"
"Beth Hart","30TrHDLNCKQVTYWOn9QqOC"
"Beth Hart, Joe Bonamassa","5n1XQGBfQhNsALjJs0APL5"
"Betraying The Martyrs","4tEWLl4loWFLgs25trNnro"
"Better Lovers","3mStoA23qANDeMqHi2oqze"
"Between The Buried And Me","2JC4hZm1egeJDEolLsMwZ9"
"Bexxie","3lwq28uuT7bAqQ3shl4d9Q"
"Bi-2","3SXDCIdqI1AR686ukKtKCq"
"Biffy Clyro","1km0R7wy712AzLkA1WjKET"
"Big Big Train","68VJJPVAVNAmwsDDf1i70g"
"Big Thief","5QdyldG4Fl4TPiOIeMNpBZ"
"Bill Charlap","2QX8yUROOnWTSLFg4sZ9Gg"
"Bill Evans","4jXfFzeP66Zy67HM2mvIIF"
"Bill Evans and Jim Hall","6htFFBbCDzxv4tuFwlTXCz"
"Billy Howerdel","29T1xRveILTzNfQkuqlvDf"
"Billy Idol","7lzordPuZEXxwt9aoVZYmG"
"Billy Joel","6zFYqv1mOsgBRQbae3JJ9e"
"Billy Talent","08yf5A2nS4XEeNvabDXqyg"
"Billy's Band","0lsP48pYd6v6VV9Vvq9S1R"
"Biohazard","3nhxXtHwC2TookQyqQlFK1"
"Biopsyhoz","6JNFQmQTsHSQZSlBbYveV2"
"Biosphere","2rcnAZ6DvORQ365X3zVYpr"
"Bipolar Architecture","7nyzs8lB1RPo3grVKQjjly"
"Birds in Row","2H5x6tCSjQ4N5Lh7pRrTNo"
"Bitcrush","5uQBda08nrwVEgnhvsLdmU"
"Björk","7w29UYBi0qsHi5RTcv3lmA"
"Bjørn Riis","0itkMtdd5OVeG2FFDE7J6z"
"Black Country, New Road","3PP6ghmOlDl2jaKaH0avUN"
"Black Fast","7hxDsJyld0SlN7N6FXYG20"
"Black Flag","5Mhs3Eu8lU6sRCtRYsmABV"
"Black Label Society","0zfT626RwO6zN3RDYeRit5"
"Black Lung","6nlUvNHe3PxYDLR3FyYz2H"
"Black Rebel Motorcycle Club","1tpXaFf2F55E7kVJON4j4G"
"Black Sabbath","5M52tdBnJaKSvOpJGz8mfZ"
"Black Snow on Christmas","7g0Fvjz0sLTQhTbKjOikF1"
"Black Tape For A Blue Girl","2LM56NUYjaQzmYyQkZjBlZ"
"Black Thought","6DJEUXZm0e2rAohdoZ5Voo"
"Black Veil Brides","6O7MpKrY91vlCd4Osi6XKs"
"Blackbraid","47nBZhrImXWXTWVSWt09MY"
"Blackfield","3xrzXKnScjOEoy172vsJMW"
"Blanck Mass","73LvjicByRK5LazcQYZMAY"
"Blawan","64kN9EkSTHYhda2FupL0KI"
"Blazing Eternity","5wlJrskVtFPmIclT5vd9gF"
"Blessed Black","2bZt5JGry0pZCKVL8WklYh"
"Blind Channel","3L58J6a7f0jyy2p6f3MSAs"
"Blind Ego","0eLkQvSl3w18O8pRNVRPVY"
"Blind Guardian","7jxJ25p0pPjk0MStloN6o6"
"Blind Pilot","6qiGjRyN7TJ1GA2nXF68Hi"
"Blinded Colony","5cRHyuwYyrvGYhwiSnqNBM"
"Bloc Party","3MM8mtgFzaEJsqbjZBSsHJ"
"Blonde Redhead","5isqImG0rLfAgBJSPMEVXF"
"Blondie","4tpUmLEVLCGFr93o8hFFIB"
"Blood Incantation","6FGv87WQ3mJWn3cmLUww6x"
"Blood Quartet","3U6rDHcwOZnFT8Bb0f1UQl"
"Blossoms","22RISwgVJyZu9lpqAcv1F5"
"Blue Bendy","7Fv9bX6Oy7AhbhKXh5dgIG"
"Blue Man Group","7zHhscQ9kdR9fNGAffWz6z"
"Blue Öyster Cult","00tVTdpEhQQw1bqdu8RCx2"
"Blur","7MhMgCo0Bl0Kukl93PZbYS"
"Boards of Canada","2VAvhf61GgLYmC6C8anyX1"
"Bob Dylan","74ASZWbe4lXaubB36ztrGX"
"Bob Marley & The Wailers","2QsynagSdAqZj3U9HgDzjD"
"Body Count","5KCph1z3jaSwhtwPzoYp6i"
"Bohren & Der Club Of Gore","4VpWzXVUAR2YyQuWQpNGAf"
"Bolt Thrower","3EbMlZ7ZKmFWPTHrLzpzvs"
"Bombay Dub Orchestra","070RPr7Euzwf3yboA9Xp2U"
"Bon Jovi","58lV9VcRSjABbAbfWS6skp"
"Bong-Ra","6dD5LzTwdYS3gRvRSCOIVP"
"Booka Shade","2CKaDZ1Yo8YnWega9IeUzB"
"Boris Brejcha","6caPJFLv1wesmM7gwK1ACy"
"Boris Grebenshikov","2rnZ3TYlGce0bg2ogrtShe"
"Borknagar","0vxxsjcDy61x5zvrOqwHIL"
"Bornless Fire","4LdsI8W2kH1u3QuJ1Y3SjA"
"Bosse-de-Nage","7o1sULgHxbBDdUnK95tewd"
"Bosski","040SDzfzE2xQL8HKkBja92"
"Boston Manor","4WjeQi9wm84lYTIWZ95QoM"
"Botanist","6oaxsoLe23e4e1RGrnzpV7"
"Botch","4kRYDoAbgDL7nqeqZhJlA3"
"Bowery Electric","6a27jEzxHDgONdmADAGcej"
"Brad Mehldau & Mark Guiliana","55quuQ7nNn0UguR6aQytmm"
"Bradley Cooper","4VIvfOurcf0vuLRxLkGnIG"
"Brainwaltzera","4IexN10iBaLP2CDVLl6rDB"
"Brand New","168dgYui7ExaU612eooDF1"
"Break My Fucking Sky","3mFTiX7WrhpcmoJLghp54A"
"Breakdown of Sanity","20reGZ0TQPGvwx5U4xx6D8"
"Breaking Benjamin","5BtHciL0e0zOP7prIHn3pP"
"Breathe Atlantis","6YLWRVTViX4bm2mGxRy9XN"
"Brian Eno","7MSUfLeTdDEoZiJPDSBXgi"
"Bring Me The Horizon","1Ffb6ejR6Fe5IamqA5oRUF"
"Brittany Howard","4XquDVA8pkg5Lx91No1JxB"
"Broken Bells","6dgwEwnK0YtDfS9XhRwBTG"
"Broken Social Scene","7lOJ7WXyopaxri0dbOiZkd"
"Bruce Dickinson","7Iffw1nP3NjCWkRIx3Ily9"
"Bruce Soord","0Ie8EFqO5e2DPSeFF6EcXQ"
"Bruce Springsteen","3eqjTLE0HfPfh78zjh6TqT"
"Bruder Jakob Kinder","3jBnIhjo9eHonOEVjhLJYu"
"Brusque","3O5viHSyo8OKXcxFf76ZeH"
"Brutus","7m63GptZSke3jGqCxR4rom"
"Bryan Adams","3Z02hBLubJxuFJfhacLSDc"
"Buckcherry","0yN7xI1blow9nYIK0R8nM7"
"Buckethead","0fDF0jjmdouCIeWhNnblwV"
"Bullet For My Valentine","7iWiAD5LLKyiox2grgfmUT"
"Burial","0uCCBpmg6MrPb1KY2msceF"
"Buried In Verona","28lNAwWyDlBlBTIbW5tjAO"
"Bury Tomorrow","6BD4lgmnh4vy6kkCaZRDWt"
"Burzum","7L6u6TyhjuwubrcojPeNgf"
"Bush","78SHxLdtysAXgywQ4vE0Oa"
"Bush II Bush","5Lbf7MX7JcUcjd7MEKWG7o"
"Butterfly Temple","0NE35oeFsLA4MgH4UTYzsE"
"CAN","4l8xPGtl6DHR2uvunqrl8r"
"CELESTE","16HYItTmZdhXM4Yz0CPtVy"
"CURSEDEVIL","6rzNFUmaEVnYb8kzh9tBTt"
"Cabaret Voltaire","2kS4yz85MaZlxp2VaS3BEe"
"Cadaver Ghoul","5apVcEELJhc2IUYWgklfsx"
"Cage The Elephant","26T3LtbuGT1Fu9m0eRq5X3"
"Cailin Russo","2org0PubBAxTvjVvLo9PJ0"
"Caliban","1oeo6cC9Fqa2bxxv67qBQL"
"Caligula's Horse","6Zd7AjXsoLaweP9FHyudVC"
"Camilla George","6gIw9VQPs8SI1XRYhSwYWH"
"Can Güngör","1G2uUovCzQzQTxT5YM7zPN"
"Canserbero","1wGIhYkKWSq4yACtTkCkSX"
"Captain Ahab","0xyds2ip0DKP15pz3Eeyf0"
"Carach Angren","7sJC2WkTzn7gqUhVfP9sOm"
"Carbon Based Lifeforms","38DX4hQVvPBs3PThDIAK11"
"Carcass","5lhaM01nwvsMZpmPY2HVER"
"Caribou","4aEnNH9PuU1HF3TsZTru54"
"Carnifex","4nqY8hkQNkHaDq4fdVxdYr"
"Caroline Polachek","4Ge8xMJNwt6EEXOzVXju9a"
"Carpenter Brut","1l2oLiukA9i5jEtIyNWIEP"
"Carptree","4StWYdyiHiVl3cJVixlxPy"
"Casey","7KqVvL7NOdUWyQg2B63cck"
"Cassandra Jenkins","1WVGbBnzZ5WLZ2PfesIHik"
"Cat Rapes Dog","1VohfJ3VBeTNblM4udW4DH"
"Catfish and the Bottlemen","2xaAOVImG2O6lURwqperlD"
"Catharsis","4UPP9Gao1GbL2s2ScgEvln"
"Cattle Decapitation","67ZMMtA88DDO0gTuRrzGjn"
"Cavalera Conspiracy","7F1K4WlMshx23V2TTz4KwV"
"Cave In","5m2NwwPj4pzGQC0PQwMBWi"
"Celeste","49HlOY4gkHqsYG9GCuhkcc"
"Cellar Darling","29TiA5JlE8qICyOYEvyvGR"
"Celldweller","4BKyei61gtyDFxlKhcvBJJ"
"Celtic Frost","4ZISAmHmQUDCpv8xydqeKG"
"Chanel Beads","3x11XrMEnyP18hv73pmKRL"
"Charli xcx","25uiPmTg16RbhZWAqwLBy5"
"Charlotte de Witte","1lJhME1ZpzsEa5M0wW6Mso"
"Charon","2FBDDo06NZR5B7qOzmMxq9"
"Chartreuse","3U58oqsrbpLo0EbARkZrBW"
"Chat Pile","4yRSUmhuSJ3KcIMljdh4fH"
"Chelsea Grin","4UgQ3EFa8fEeaIEg54uV5b"
"Chelsea Wolfe","6ZK2nrW8aCTg8Bid7I7N10"
"Chevelle","56dO9zeHKuU5Gvfc2kxHNw"
"Chiasm","6EYewgLNqb3zWJd9HRHGIg"
"Children Of Bodom","1xUhNgw4eJDZfvumIpcz1B"
"Chilly Gonzales","0qudezVgvl4Chd9BgNFB83"
"Chimaira","0kO2SRhHlmMIeyJHfHy3c9"
"Chloe Slater","43R8Umt7qVmJCcOZGWJy24"
"Chocolate Hole","6qosVXGcK2YrRbxsMndIal"
"Chris Cornell","0XHiH53dHrvbwfjYM7en7I"
"Chris Eckman","2Lc049MATwWRm2VpfB74YW"
"Chris Isaak","7290H8m1Dwt8G7jm1y9CQx"
"Chris Liebing","21444lX8gpmOX36icLmbFI"
"Chris Rea","5KEG7G8LDYlHgFDqZyEEs2"
"Christian Death","6mEohczxsctzkEIU0WAeWD"
"Christine Correa","3QjxnhVtBuiDKS3XIZ3cpk"
"Christopher Franke","724YlnEzfIBXRWSmT1ur6W"
"Chroma Key","6Bgd1CCQAWWqGbkmJsivLv"
"Church Of Misery","48oiffaUrQHZXzfvr5aO1L"
"Ciara Bess","21mEXcNj7iVlrmlhownRpL"
"Cigarettes After Sex","1QAJqy2dA3ihHBFIHRphZj"
"Cinderella","7HL4id2U7FSDJtfKQHMgQx"
"Circa Survive","11FY888Qctoy6YueCpFkXT"
"Circa Waves","6hl5k4gLl1p3sjhHcb57t2"
"Circles","64j43wsW2L0NunoKT5wbKd"
"Circus Maximus","1pxKRI6EFLtWmAiya9Pj1S"
"Circus Trees","7D0Mn9mtyH3m7UnCQh9jzX"
"City and Colour","74gcBzlQza1bSfob90yRhR"
"City of Caterpillar","6zRqJkcK9YW5muISa2kwZR"
"Clan of Xymox","1wHmR7I0UlF58WFQexCPha"
"Clap Codex","56e9JiuPAOzwsOa8TDe3xj"
"Clap Your Hands Say Yeah","1jSaZgaKHmgc7VTgML528r"
"Clark Darlton","6ajU1Zhs2WvZWdPKec1pAV"
"Clawfinger","1xE3snzm12GBK259IqEFlY"
"Clinic","7icDkrFloDss50hoqQ3Kkj"
"Cloudkicker","4DAuhWUSCvn4FFcVpgIqY6"
"Clouds","5b4d1sad2FNXIOYef3vTDg"
"Cloven Hoof","3OD7fkHK24rI5G6yoaHzmw"
"Clutch","161AC1AVRkIGIMxyj5djFQ"
"Cocteau Twins","5Wabl1lPdNOeIn0SQ5A1mp"
"Coheed and Cambria","3utxjLheHaVEd9bPjQRsy8"
"Coil","37KB5e6cGsN1AQAB9Omm1U"
"Cold In May","3nnglmjAIWOCQuyaKEJXl1"
"Coldplay","4gzpq5DPGxSnKTe4SA8HAU"
"Colin Stetson","4G6HhUUQ1LgyYnA2WJppf8"
"Collapse Under The Empire","34OB6veglJfOx8CzSsu0XY"
"Colony 5","0XB14ZHrZsqaWDJeQGLMem"
"Columbarium","6j0kTgPhKeWXa9A9Tgtonw"
"Combat Astronomy","1qRrxcoa1aDdOAwOtX0bCI"
"Combichrist","5556RAgwP70PnXbaUTGNbR"
"Come to Grief","7FsjmZg5NWMZAwqSM0PEwO"
"Comeback Kid","67f7GZXNMGRn98lqrtIdrN"
"Comedy of Errors","5Uf7zdKgPiKsU5592iW1TO"
"Company Flow","0y0VESpVYa8xyNAxu77kcS"
"Conjure One","5fqgm8SaAvnQYoXnIf4RqU"
"Conjurer","38eUVFRyGFT6VnEbaFRScQ"
"Conquer Divide","4ZznAOb4aE3va5Jz1iDpjc"
"Constellatia","1r8tzQXEPrte5GZ06LppsS"
"Converge","7kHzfxMLtVHHb523s43rY1"
"Coph Nia","6l6ssvtUK2e3P3VRjyhDkD"
"Corey Taylor","0nhDd1RWjZ6SDV1Vg1Ku2Q"
"Corina Bomann","4OPO6eIwhofSgfOztuwLVb"
"Cosmic Boys","2jvTYwyzxK1FVYGEoKfZLQ"
"Cosmograf","36JmsWg46yFhuPsYtD9390"
"Counterparts","5LyRnL0rysObxDRxzSfV1z"
"Counting Crows","0vEsuISMWAKNctLlUAhSZC"
"Covenant","11zG3SH7tJ36wYmCJ2oWyB"
"Covenant Worship","2F2932LEa8ahflK2xDYKWj"
"Cradle Of Filth","0NTSMFFapnyZfvmCwzcYPd"
"Crawlers","2xtmoxSauQs0TQFUoHmbfy"
"Crazy Lixx","24k1UCsJJHHU9ohk7YIvzC"
"Crematory","4q2uhIfBHCNlwXYvQdnzvS"
"Crippled Black Phoenix","6WEyPcf9ezhNLm1xOBjbwH"
"Crown Lands","0MnazDWzh4tAnT5y4vWZFr"
"Crown The Empire","2vKiJjsgjgqIECUyYeIVvO"
"Crystal Ball","7tHEvUeWn6wrMe3HW2Xa6i"
"Crystal Castles","7K3zpFXBvPcvzhj7zlGJdO"
"Crystal Lake","0A7d0PJxaLO7CGI94ht6PX"
"Cult Of Luna","7E7fJJpdVgr1F3pfAfRtHe"
"Cults","3Oim8XBPbznAa8Jj8QzNc8"
"Cultura Tres","45fLb3bqmql3U2OrFiJhDU"
"Culture Kultur","1wTjVvGxIxcZrHCansPELR"
"Culture Wars","0DoNSZa1R1DV69oY1djlbf"
"Current 93","7vF3DcPluq6lZI36VniagW"
"Currents","5pqvAI85RMxL9K0xHvSwGu"
"Cursive","1sylmUjlKYsLA49YtkNHW3"
"Cyclotimia","1LaYpeulqQtQssxkLcTowL"
"Cyhra","6tkhw6PSVw7b2M7h5fLBLE"
"Cynic","5nXldeedEas60jZnMi40p4"
"DARKSIDE","2933wDUojoQmvqSdTAE5NB"
"DEADLETTER","4MfUQ99z2kgMnl9hAwffBx"
"DEAR MOTHER","1i6SXeSvmfhKqHTAxQx5rg"
"DIIV","4OrizGCKhOrW6iDDJHN9xd"
"DISPATCH","6v4jPZO3UIDNJIgdxRxtr9"
"DITZ","3oSKgWx1dqjhidhnhpGbfJ"
"DJ Aphex","3FTn6aYFZtkRpcO13BrO5E"
"DJ Nick Jersey","5RGpphexXDe7ctA1QMMiFx"
"DJ Rapi Rmx","0zsNQf2DPJM5YRFHioWgIL"
"DJ Rasg","6Z4nJ73UlvnJ2udllrEcMi"
"Daft Punk","4tZwfgrHOc3mvqYlEYSvVi"
"Dale Crover","4IRzt4Zde0xpbbc2BtsRGm"
"Daleka Obala","0YctLTGxqG7RzUaH4HyWak"
"Damian Wilson","0m2ZeTuzB3IQIKIe7jnVJk"
"Damnation Plan","3LhVTmnVEbbCqdpXOB16uX"
"Dan Whitlam","4t4zanmCp0GBomHaX5hXt8"
"Dance Gavin Dance","6guC9FqvlVboSKTI77NG2k"
"Dance With the Dead","2KtnZQwMQJN3uyI8eHZRvm"
"Danger Mouse","2dBj3prW7gP9bCCOIQeDUf"
"Daniel Avery","1EULJuDFWpZ9xg4YwtUGGt"
"Daniel Cavanagh","5HAculFU4ScJVhfwXKK0hr"
"Daniel Menche","2kw07cjBdOR3poSopMELsH"
"Daphni","4nhvb6x9ZhPiYCzrHDNia9"
"Dargaard","3aPsGrrFOOU7TpbtZjgQox"
"Dario Marianelli","0s1ec6aPpRZ4DCj15w1EFg"
"Dark Sky","1qo9Fb4nYgez0Hpfi2RuiV"
"Dark Tranquillity","5EHvXKnNz78jkAVgTQLQ5O"
"Darkseed","2mr8wfUUxK4IVUIl5qeBq3"
"Darkthrone","7kWnE981vITXDnAD2cZmCV"
"Daron Malakian and Scars On Broadway","5vbtZfRJjn2QLhPhtYpiqi"
"Darren Korb","0ZMWrgLff357yxLyEU77a1"
"Daughtry","5P5FTygHyx2G57oszR3Wot"
"Dave Brubeck","3kUKwTJdH8FuWzF8p6Dg9E"
"Dave Gahan","7hKXTmrq3ZppBx881yBbOr"
"Dave Hause","6b58ZzXRHPakxMhPx7xHAx"
"David Baroni","7dc9jcxR0GgRMoNasStnmZ"
"David Bowie","0oSGxfWSnnOXhD2fKuz2Gy"
"David Cross","2URUumnB8mguimUYWej7Vh"
"David Gilmour","2FcC4sDMXme2ziI7tGKMK8"
"David Lynch","2Gu6Q05ExIGwHTF43kqLBI"
"David Sylvian","2oyWkw7sq99yqj12hVUHtw"
"Dawn Of Solace","7anjHetVbdSelRpDsZzWY7"
"Dawn Treader","2RmQoPJjufERtUR4DkoWie"
"Days Of The New","07jc1IMGtecDZzOL9cP50t"
"De/Vision","1bN9idF4rgIhaaKFpwgzoQ"
"DeWolff","1OHnmln4huMiBLyxBHNx0k"
"Dead Can Dance","6sq7prp0tj9Abn89khmfja"
"Dead Kennedys","30U8fYtiNpeA5KH6H87QUV"
"Dead Letter Circus","3NW2VkBpoHFv327eSuH490"
"Dead Sara","589tFv4Vf1K27wpf0uWz2j"
"Dead Soma","27Q28eGvRiVWQANCrcJG34"
"Dead by April","2otRZcOVNcmdkZ5nEoogy6"
"Deadlock","5rKi8nP7CfFcbjz3DpA9Yx"
"Deadsoul Tribe","14FTVRqyet2DMeLgW58gVJ"
"Deaf Center","0GQJRlsTD8irKEDcClYiiA"
"Deaf Havana","0exhrQcReCdr11oPbOh22M"
"Deaf Radio","4fT0EFqj2Pifg9v6loy7Rd"
"Deafheaven","4XpPveeg7RuYS3CgLo75t9"
"Death Angel","6KVc8Llznru8n9LVCYe9dz"
"Death Cab for Cutie","0YrtvWJMgSdVrk3SfNjTbx"
"Death From Above 1979","18H0sAptzdwid08XGg1Lcj"
"Death Grips","5RADpgYLOuS2ZxDq7ggYYH"
"Death In June","68wK3u9MnoZj5fFOFNTfwy"
"Death In Vegas","5aj3LEYRbuaabjjHkj5oE1"
"Death Therapy","2Prk8CqlCnhHCQ2nGK2kZo"
"Deathspell Omega","4pP3Gtdmwp2cHtz736pyGI"
"Deathwhite","1ssisU34mBkRCnVTFtbp8N"
"Deborah de Luca","144HzhpLjcR9k37w5Ico9B"
"Decaying Days","4x3St6cPkiuwF49AVgbeF6"
"Deena Abdelwahed","20fUkJZtm2I6zdIuj2XpgV"
"Deep Purple","568ZhdwyaiCyOGJRtNYhWf"
"Deer Tick","3rT8xTwSOMDURtWpPyoKIO"
"Deez Nuts","2w0Dmj9GV9ZrokNRcnRwav"
"Def Leppard","6H1RjVyNruCmrBEWRbD0VZ"
"Defeater","1L3hqVCHSL1Ajy3m0z1bAT"
"Deftones","6Ghvu1VvMGScGpOUJBAHNH"
"Deicide","2K3GorTixXKAiwe2t9lO89"
"Deine Lakaien","5ob2Koi0r69u9hNViDGVBg"
"Deitus","04nOw5VVKvCj2IAzFi97Im"
"Delain","6pIRdCtSE5hLFfIfcTAicI"
"Delerium","0IUq1plF3ON4Fboj1bE6kN"
"Demon Hunter","6f3a43i1MJZwdjEpV1M0oH"
"Demons & Wizards","4O6RDLeFX5xuQ7IePFzVcl"
"Deniz Bul","4H267HByup3kdzVdYLhp21"
"Denzel Curry","6fxyWrfmjcbj5d12gXeiNV"
"Depeche Mode","762310PdDnwsDxAQxzQkfX"
"Derek Sherinian","4ZCINPmMmZUh4H1qNqzIxq"
"Des Rocs","2kO6mP0olFJGGh6kvUdNC8"
"Desiderii Marginis","56TXBqxg34LL3EqFqwS3EX"
"Desire Marea","7xfBWpNiwO2yteiY68OB6C"
"Deutsch Nepal","7puY8Dgwz0k1KcukFEu2X4"
"Deva Premal & Miten with Manose","5cqNzqbUQxi0o6OxQVOYGl"
"Devil May Care","7i4fpNdyHzYPX3TFjEqKll"
"Devil Sold His Soul","5LS2aHjbHoCO8BmNN79OMO"
"DevilDriver","79el7mcHYhXYW3Zek21i0L"
"Devin Townsend","6uejjWIOshliv2Ho0OJAQN"
"Devin Townsend Project","54Xuca1P5nDqfKYZGDfHxl"
"Dexter Gordon","3NUsiT2JSyaWAnWaXxDzhQ"
"Dhafer Youssef","5UefiThiZ352HWMOgZvOhx"
"Diabulus in Musica","2g98DnPyHWcZXg8cLg0sNF"
"Diamanda Galás","42AURgCa94xz79E0fxE3Ay"
"Diamond Head","3z3KnhKZObj216IgfHYGVf"
"Diane Arkenstone","7tACdDgcOW9HHM1Z4T3L29"
"Diary Of Dreams","1tg5jMp8FFjVqjgoxuEbSR"
"Didier Marouani","5I8oW1qbffv7IyZWvzPkHf"
"Dido","2mpeljBig2IXLXRAFO9AAs"
"Die Form","4EtqRPBTABMndC9NYOkBAA"
"Die Krupps","0iDagYU2nu7gTWMdtCxzxW"
"Die Nervensägen","0XB2lVW41eDdrA6i1qCf2w"
"Die Toten Hosen","2F8GvYuY0lfZNYu45dY6gJ"
"Digimortal","4qWyJeHY2g0G7utRLby2kR"
"Digitalism","2fBURuq7FrlH6z5F92mpOl"
"Dimmu Borgir","6e8ISIsI7UQZPyEorefAhK"
"Dinosaur Jr.","267VY6GX5LyU5c9M85ECZQ"
"Dio","4CYeVo5iZbtYGBN4Isc3n6"
"Diorama","1fUKdAlQVtR3mZmdiFTzrq"
"Diorama","5ATzDLuAJJWC4nSFgnVKxF"
"Diorama","1WdVEvZBCPA8BLV1WWWKlk"
"Dire Straits","0WwSkZ7LtFUFjGjMZBMt6T"
"Dirty Three","1QUsHFoDqNsC0W9AlNyHWF"
"Disarmonia Mundi","0iem9JStyv56PV2X7avZbo"
"Discharge","5SRhOM75OnwuXH8BmCxD5a"
"Displacement","0CkT9apNJGuQGr9DjJoXhe"
"Dissection","6qpmcQfxhmNxNMCJUrpHwe"
"Distorted Harmony","014v7wyYEzOsxoWbiqXFOA"
"Disturbed","3TOqt5oJwL9BE2NG9MEwDa"
"Dixon Dallas","2xmmjD4GfeJ5BRueLvPqec"
"Dj Wolverine","0tWoNjV8enmdCF1tKY8yW4"
"Do Make Say Think","1WudHeuEN3d18SXVos95mc"
"Dog Unit","6AgUBiASnQufBjqqNtE3qj"
"Dolphin","2pktDyTJxrLJo7dL2qT1pA"
"Dolphin Boy","3rX2UGtvms14T28Vohkq1A"
"Don Henley","5dbuFbrHa1SJlQhQX9OUJ2"
"Donald Byrd","3ZUZYvTkSr7kJQyAXVpqaL"
"Doom:VS","0n5TCyF2T58cXZyce5Eloe"
"DoomCannon","1EKCFythC6ga1G4x4jYDwy"
"Downfall Of Gaia","2ZBAmlpAv7mVb9ZqUuHLSg"
"Download","0Jdd6HvNahUOi9SyDFq4Le"
"Download","5JwsyPUA7fVaUHFerGSgqo"
"Draconian","1TX9g1uSl0B0DQIE9lBqmU"
"Dragon Throne","6TctMxzDkYAJ2X6gKuLHFX"
"DragonForce","2pH3wEn4eYlMMIIQyKPbVR"
"Dragonlord","1eUJlaFF3rScLSigXaqpG9"
"Drahla","1HHyE1TCzui5Lay0gwS6bR"
"Drake","3TVXtAsR1Inumwj472S9r4"
"Dream Theater","2aaLAng2L2aWD2FClzwiep"
"Dream Unending","2QGKlPTuKnYoIKGS8dt7zO"
"Dream on Dreamer","1dgKyJ17rujJe8wpFaX67v"
"Dreamscaper","1TGL84E8oiiO2ygE0a2Ml6"
"Dreamwell","4iW7dCnHbqN5YErzN7FghD"
"Drowning Pool","1E4r4z7ivGUcSAnCbINJ9v"
"Drowning the Light","1J2CVZL3YmQk6ggqn0b6Kn"
"Drudkh","4q5mj9YpaYesKvHzN8XYve"
"Dua Lipa","6M2wZ9GZgrQXHCFfjv46we"
"Dumbo Gets Mad","530iy3GzOTqWe9LEeiZuDO"
"Duran Duran","0lZoBs4Pzo7R89JM9lxwoT"
"Duster","5AyEXCtu3xnnsTGCo4RVZh"
"Dvne","1isrot4GGRmnqFT2vMAa5q"
"Dynazty","5deRBvKxJssHVa9n6B7tWV"
"Décembre Noir","6FQd0FumULH4dRRM6eVThR"
"Dödsrit","1ZR1y4fCztcaoliwAIbEAb"
"EL VY","3zsR0Nsw8G2KuzKSdmosPI"
"ERRA","2UoOdQyBGyzrEfxcY77ce0"
"ETOLUBOV","5rZcCYFGSeRDMOQcP7S5vn"
"EVANS MUSYIMI","5RBQwjwJIF2Vks2Sa8u00i"
"Earth Crisis","4ITkzAQWPILwWpEWJxHB9g"
"Earthside","6mRDRKsNautYuxybddnvgg"
"Echo & the Bunnymen","0fgYKF9Avljex0L9Wt5b8Z"
"Echolyn","4gDS6GaqnAnBXbTfGR6LhA"
"Eclipse Echoes","5jwpvoMgpTAJR0k9jnS4CB"
"Edge Of Sanity","1Mcy1ngqEXUXXEQEpUDGix"
"Edguy","3AGFqPP3gt5rMSvhR87Xxu"
"Editors","6e9wIFWhBPHLE9bXK8gtBI"
"Eefje de Visser","33KABng8GO42ojFJVcABxQ"
"Egor Letov","6yzTAtRHzB5xxcV0z9Debk"
"Einar Solberg","20xK8nEhn71rTjjBNoR5nv"
"Einherjer","0iGkBvuI18nxqJR8Ipg1cu"
"Einmusik","1LXTXZjheh25pXMEUT9iC1"
"Einstürzende Neubauten","7KomCxZv6D5qCVvefwMnwB"
"El Michels Affair","0cLrgpG3pW4MX4nD8h6qCc"
"Elbow","0TJB3EE2efClsYIDQ8V2Jk"
"Electric Callboy","1WNoKxsp715jez1Td4vthc"
"Electric Light Orchestra","7jefIIksOi1EazgRTfW2Pk"
"Electric Wizard","4htjQW3lgIwL6fEJlTOez4"
"Electronic Ghost Machine","71ziaQGPpNbEeUWkxB621i"
"Eli Brown","5lVNSw2GPci8kebrAQpZqU"
"Eli Iwasa","4bhxvn3VjWf10wlQEzKZMh"
"Elisabeth Schwarzkopf","0B94ekfBARqVS2gwrTnvJ6"
"Ellen Allien","5lsC3H1vh9YSRQckyGv0Up"
"Elliott Smith","2ApaG60P4r0yhBoDCGD8YG"
"Eloy","0eet2VBconGGtNYJ0CBgHu"
"Elton John","3PhoLpVuITZKcymswpck5b"
"Eluveitie","5X0N2k3qMnI8kSrGJT3kfT"
"Elvellon","1pclOMt941ly7p0Ro21E4x"
"Elvenking","09b5OcuIELTdD7FfzQzcdB"
"Elvis Costello","2BGRfQgtzikz1pzAD0kaEn"
"Elvis Costello & The Attractions","4qmHkMxr6pTWh5Zo74odpH"
"Elvy Sukaesih","0yXW1N9QI9cp5Lw2Wdle8Q"
"Emancipator","6HCnsY0Rxi3cg53xreoAIm"
"Emerson, Lake & Palmer","0nCiidE5GgDrc5kWN3NZgZ"
"Emigrate","29fyAsYdzkCIH96xB40um1"
"Emika","50Gx1SNB4vH2V7peIiYD4S"
"Eminem","7dGJo4pcD2V6oG8kP0tJRR"
"Emma Ruth Rundle","34gLicNdz493863yZTanvC"
"Empire Of The Sun","67hb7towEyKvt5Z8Bx306c"
"Empire State Bastard","4Lje5EOojiMe1qsGspOlDq"
"Employed To Serve","58d50jBQXhOetEGuSBgu64"
"Empyrium","4zDkgQanNydhYIqQwQK9Ct"
"End Of Green","2sVaW0noYw5antHR3te8lQ"
"End Of Your Rope","30FmH1fr5qBwGNyu1QwRSc"
"EndrumarcH","4OaB7EQmlMNJuKhgCKF40Z"
"English Chamber Orchestra & Sir Charles Mackerras","7dbHPchbGsUIc8bNRYhZIp"
"Enrico Sangiuliano","1u7DsNFbakULvxnDGtMm90"
"Ensemble Polaris","3ThRNWNgK0tMtfmIiuIQMV"
"Enshine","1arVCqhiz6dQgWcYrT3MY8"
"Ensiferum","0krXCIkthz13P8o0v2tksH"
"Enslaved","2HmtB6wVRRi3z0JwZHtkiD"
"Enter Shikari","31jvzuB4ikftPQZJwrYfCF"
"Entwine","3PgNlHzp2aZ46SHJVQzdSU"
"Epic45","0E76QDtyHZgw7i5l7mdn5K"
"Epica","5HA5aLY3jJV7eimXWkRBBp"
"Epidemia","1GQtkj9q6zR5x3XvOoLUSr"
"Erasure","0z5DFXmhT4ZNzWElsM7V89"
"Eric Clapton","6PAt558ZEZl0DmdXlnjMgD"
"Erick Sermon","2VX0o9LDIVmKIgpnwdJpOJ"
"Erik Truffaz","6U3cvMmHIab0CAGtC5tRY3"
"Ethel Cain","0avMDS4HyoCEP6RqZJWpY2"
"Europe","7Js6Lde8thlIHXggv2SCBz"
"Eurythmics","0NKDgy9j66h3DLnN8qu1bB"
"Evanescence","5nGIFgo0shDenQYSE0Sn7c"
"Evergrey","4S0foX2r0RlC12KBW8u73D"
"Every Time I Die","0o7WWONtleH6PWLn5GIoCM"
"Everything Everything","1HOeqtP7tHkKNJNLzQ2tnr"
"Exit North","0UaSIbNayMHjYkavJTqkVJ"
"Exodus","76S65NHJHrNy4JTrXHP2BH"
"Exotic Animal Petting Zoo","4MTj3y1EtRW4qLz0VZDq0W"
"Explosions In The Sky","1uQWmt1OhuHGRKmZ2ZcL6p"
"Extrawelt","3VRvi42U8SsiT4YKP5LNCB"
"Exxasens","7935eVYpj7jQM3mRJ3kGeX"
"Eyes Set To Kill","7omnn7IRrrxdMwSwchVxNP"
"Ezra Collective","5BRAUN0yN8557PLRZIr02W"
"FACS","2h0hfblKFcjOdz52vre1OV"
"FEARSTbeats","4MhTe1Q9Y811m4EjaTbf2w"
"FEVER 333","1B0155rdv175D1tQ8VH7Oy"
"FGFC820","32raKeUHkfUVqgGHbIPD2u"
"FISHER","1VJ0briNOlXRtJUAzoUJdt"
"FKA twigs","6nB0iY1cjSY1KyhYyuIIKH"
"FLEUR!","2lVJzL8loA2pOMdQxFRqCB"
"Faith No More","6GbCJZrI318Ybm8mY36Of5"
"Faithless","5T4UKHhr4HGIC0VzdZQtAE"
"Fall Out Boy","4UXqAaa6dQYAk18Lv7PEgX"
"Falling In Reverse","2CmaKO2zEGJ1NWpS1yfVGz"
"Fallujah","3C5R32AIZlLfMa3uxLEYrU"
"Famous Last Words","3rxPTMtxVQKNAbBBl6cQrw"
"Fantastic Negrito","5QXLMdpKeByOo5ypH9gT13"
"Farmer Boys","04ilZTbMT1cXglNMGcNQEs"
"Fatboy Slim","4Y7tXHSEejGu1vQ9bwDdXW"
"Fates Warning","4S6URhg3PMKnCv9clR4ejE"
"Fear Factory","74Hj7BmnUXyx2udrIEIKwX"
"Feed Her to the Sharks","58r5QdZ8pIIydoNTLcM5eO"
"Feeder","0ZZr6Y49NZWRJc0uCwqpMR"
"Fenix Flexin","63GIj2yhFvX1Bzphb9JgVb"
"Fergus McCreadie","5Yb1aFMX9xNtjFVDSdt2ZL"
"Feuerschwanz","2Ct54gNxKnYLnXk9HhviMI"
"Fever Ray","5hE6NCoobhyEu6TRSbjOJY"
"Fields Of The Nephilim","3m8KqUjgKDwmJ9L9uBHMMs"
"Fire-Toolz","7nJawFIm90c4jAQFLabc1o"
"Fires in the Distance","18uSn0X1chr8YsK4N09OQw"
"Fit For A King","0OgdRTPItr9dw4XYp4JJUx"
"Fit For An Autopsy","0qJpY7K8p7g6sacvaGNt6i"
"Five Finger Death Punch","5t28BP42x2axFnqOOMg3CM"
"Fleetwood Mac","08GQAI4eElDnROBrJRGE0X"
"Flesh Field","6yf3GRyJ6hVtk9ahV5kflO"
"Fleshgod Apocalypse","5ctFffJBdJe8PZL7W7NeML"
"Floating Points","2AR42Ur9PcchQDtEdwkv4L"
"Florence + The Machine","1moxjboGR7GNWYIMWsRjgG"
"Flotsam & Jetsam","1ApBh0VSoxRjjT3kFQZrpz"
"Flowing Tears","0BwzmuzuA4X6IMBeltvFdL"
"Flume","6nxWCVXbOlEVRexSbLsTer"
"Flying Colors","7vdTrczuBydSrfUcoruaeX"
"Flying Lotus","29XOeO6KIWxGthejQqn793"
"Flëur","5Tn926kZjrSFPWnig9XxCy"
"Foals","6FQqZYVfTNQ1pCqfkwVFEa"
"Followed By Ghosts","5fnHojqP2lksoLnyR8Cj5N"
"Fontaines D.C.","3SXwqSqAoBz9WCI9PDQzY6"
"Foo Fighters","7jy3rLJdDQY21OgRLCZ9sD"
"For All Eternity","5dAJhja3GDIAnA3YUbI27c"
"For I Am King","2etNWORcmPZZBKxcyt6dF4"
"For The Fallen Dreams","0rsHKddRhuze38fVL0egOY"
"Foreigner","6IRouO5mvvfcyxtPDKMYFN"
"Forest Swords","2VarlUiM6Lw0SA7BvwVPRP"
"Forgive","4K5xe2ma22FG6W0lCSOmHb"
"Forlorn","4aOGVF2gQb9TY4raTPjLWf"
"Fort Minor","7dWYWUbO68rXJOcyA7SpJk"
"Forteresse","327vmMWT2gRKLFcYLIuQIt"
"Foster The People","7gP3bB2nilZXLfPHJhMdvc"
"Four Tet","7Eu1txygG6nJttLHbZdQOh"
"Foxing","2dfxY7YDuYCUtWFzWTS6IR"
"Fractal Architect","6cf6LQzGO5NS0GEPg72A9B"
"Fractional","5OF4keYIxz9HRYqRsft0Fb"
"Frail Body","087dxTWzkw5RjrjOiJCfBH"
"Frameshifter","1SqlhkPkBFGop1z1i868Cs"
"Francis Yeend, Uta Graf, Camilla Williams, Martha Lipton, Eugene Conley, Carlos Alexander, George London, Westminster Choir","7Ahs66txYuRXdqwAgZ5Fq4"
"Frank Carter & The Rattlesnakes","3r32a6mMdoPaSP1C7kYhMc"
"Frank Duval","6Tw8BB4HVTfXOdJERzvaRD"
"Frankie and the Witch Fingers","5UdQDFQ3wgUPuL5kiL7KqU"
"Franz Ferdinand","0XNa1vTidXlvJ2gHSsRi4A"
"Freddie Mercury","4M1FpEWs2PeYfJe7xxJfhH"
"Fredrika Stahl","3hWWpC6XAABcySpC1id9Q5"
"French TV","5dR90pid4mDoN9kSUjisBp"
"Friko","5HViQsHNdOovxKa420CPGR"
"From Autumn To Ashes","1t0af5EH36iQVJ06XnLDOt"
"Front 242","2tyMOS8xKREgpEwHnLc6EX"
"Front Line Assembly","5QYAExYvxixCVwX70SRf7F"
"Frost*","1Ha9FtCeuoajMbOG4Kz2d7"
"Froukje","0uBVyPbLZRDNEBiA4fZUlp"
"Fuck Buttons","6tCENAD2FBfIMyygJMeOJV"
"Fugazi","62sC6lUEWRjbFqXpMmOk4G"
"Funeral For A Friend","4AbDWrmJPSOeIbT2Ou60ik"
"Funker Vogt","6OSOjC1W6jRkFKKS35TnkK"
"Fur Coat","26J5ZprV3p7jv4fHTmpXsB"
"Future Islands","1WvvwcQx0tj6NdDhZZ2zZz"
"Fuzz Against Junk","4D6gEkDwPDiuJgYR09Yy2i"
"GHØSTKID","2ooWmQC4NQUQZ3z00mZQyK"
"Gamma Ray","6LZE884lDIsCSLHuTplfGp"
"Gang of Youths","142YBUGmLWCJigFLzgguf8"
"Garbage","6S0GHTqz5sxK5f9HtLXn9q"
"Gazpacho","1Joel9mDWSEZfHPE2KooW3"
"Geddy Lee","1mVhi0LYM9U7DEZNrKyC0l"
"Geese","0WCo84qtCKfbyIf1lqQWB4"
"General Lee","0TtgpRSe6ucRbFsC5tVGtW"
"Genesis","3CkvROUTQ6nRi9yQOcsB50"
"Genghis Tron","5xIZimpMAfvZjQcgFKBCKl"
"Gentle Giant","1hrQ50kU6hMQBVLatqUqnO"
"George Harrison","7FIoB5PHdrMZVC3q2HE5MS"
"Ghost","1Qp56T7n950O3EGMsSl81D"
"Giant Squid","0nBPDB8WphmvqwA8lAEuJL"
"Gilad Hekselman","5oNJNBpUU3zRyC8xHwCnQL"
"Gilla Band","7IdPmzvB3PugXieZE9vS4S"
"Gin Blossoms","6kXp61QMZFPcKMcRPqoiVj"
"Girls Under Glass","5eTXnFPGx2tTzCEYwCNy5v"
"Girlschool","2TRtXTjjmyzK5oUGec1Gv8"
"Glasgow Coma Scale","3OilnTuGkR6gZKZa0sV8E8"
"Glass Animals","4yvcSjfu4PC0CYQyLy4wSq"
"Glass Hammer","62DPlKVqcF7rcHG55tmYqN"
"Glassjaw","7nt6S4klYHg4I7Q4lTSmc0"
"Glen Hansard","3Caot8EtHX6wLpNF2wRzS0"
"Glixen","3eimPofmo9TuKJTgpM9Bcj"
"Gnoomes","3a4IiCnFeozUcEPbCREbII"
"Gnyce","207tGjrDdqyuw7ivItA1rB"
"Goat","6jP9Z7o6WlbYvKUOeO5SbP"
"Goat Girl","1ukEEwzjucRtFTxiw2DrDZ"
"God Is An Astronaut","079svMEXkbT5nGU2kfoqO2"
"God Module","1DoGu017HBH9armSl4M0Sb"
"Godflesh","5A4ebXQf38xWIq0xSWLhsS"
"Godsmack","6gZq1Q6bdOxsUPUG1TaFbF"
"Godspeed You! Black Emperor","4svpOyfmQKuWpHLjgy4cdK"
"Godsticks","4f9bg9nBDgRggB00fkcvnr"
"Gogol Bordello","2SVw939fwuqSobLjF8u78b"
"Gojira","0GDGKpJFhVpcjIGF8N6Ewt"
"Goldfrapp","5BKsn7SCN2XmbF7apdCpRS"
"Gomma","0QBQgTnTS6JORFHr7k0KRJ"
"Gong","47yvARr7dCOKqvjDVwfbf3"
"Good Charlotte","5aYyPjAsLj7UzANzdupwnS"
"Gorillaz","3AA28KZvwAUcZuOKwyblJQ"
"Gospel Dream","4ByxOtvYxXENpDGd6bUH2x"
"Gospel Souls","7mBAuCvpmlvX1ZdOyQvMvs"
"Gossip","3sFTupo9UGgrujjN21BjwR"
"Gost","46HcJG62ky3Tj7yJpB2Qqg"
"Gotan Project","44ejFPE33H5aOInxNV2BFP"
"Gouge Away","1Gi5tHYi0ptGG0G3tX9PkU"
"Grails","3VdjlG06JkVAnZ19TR7ZHZ"
"Grant Green","6dAtGAnHCQ1ujMUZ9Ep82k"
"Grateful Dead","4TMHGUX5WI7OOm53PqSDAT"
"Grave Digger","6mfghV4I1CD17FOhDKq7cJ"
"Gravity Kills","3V3ChkwvlWDJtMFuOKfYiB"
"Gravity Kills","3fnhdMmvLKv7eysAS7lv9o"
"Grayscale Season","7vkn8n6j3FIOVuRmVVYzA4"
"Grazhdanskaya Oborona","7M6ERyNXeDalOonDdWWd6I"
"Green Day","7oPftvlwr6VrsViSDV7fJY"
"Grendel","3CiC24kIB0Dq0ntjkOR6Iw"
"Greta Van Fleet","4NpFxQe2UvRCAjto3JqlSl"
"Grian Chatten","6XyAI3jtlsss5mJjAAJXzE"
"Gridlocks","0UdtexVQoBH5XHUwGEkCZO"
"Grima","7KSPZyeCKkfkhMkX8rYIhD"
"Grima x Azza","0B7mOOI1XegN3bz45dbD0R"
"Grimes","053q0ukIDRgzwTr4vNSwab"
"Guano Apes","4whxX965DKKqYkXmk33b4E"
"Guided By Voices","4oV5EVJ0XFWsJKoOvdRPvl"
"Guilt Machine","5VgMXstnLL7kAi9vEtw3Hd"
"Guns N' Roses","3qm84nBOXUEQ2vnTfUTTFC"
"Gutslit","1vzb2P3Z1rrXCNXGtWyFkM"
"Guy Manning / Manning","5OQ18NUePWC8EEei95pu3F"
"H.E.A.T","7M4PCSo5DDasGginrPHSDd"
"HAAi","0pkLgeB9j465x1QB2kRoy4"
"HEALTH","6FfjnGXMhxSsJTuGLWBDth"
"HIM","74aLweE8FHHf4yN5TWv1GM"
"HMLTD","0yd6o6a2MaOjsF1SglI4Hw"
"HTRK","06sdJwlggq0PKOe4LPZWCg"
"HVOB","6RAx8RRxoHeJIqD2d0EjOa"
"Hacktivist","3hZtRePYRKW6wLtZ3gpnk7"
"Haken","2SRIVGDkdqQnrQdaXxDkJt"
"Halestorm","6om12Ev5ppgoMy3OYSoech"
"Halsey","26VFTg2z8YR0cCuwLzESi2"
"HammerFall","2o18h28enlHxj887tATc58"
"Hammok","5R1AfWkXVaAraHY3Tk9bMY"
"Hands Like Houses","0u3d5PM2FuEuG5QuUdt8mT"
"Harakiri for the Sky","58KBq6qkQnfWYRqCjffQQq"
"Hatebreed","17Mb968quDHpjCkIyq30QV"
"Haujobb","0qp8mfuI3N8zOHbRDNHrkZ"
"Havok","2jw4wgixxa20jls9N3Bdpq"
"Hawkwind","2jK54ZlZhTF1TxygsVeR05"
"Hayley Williams","6Rx1JKzBrSzoKQtmbVmBnM"
"Headspace","0APUcwhO0dI2RIXr9la1Lr"
"Hecq","2JOKkrpXtdpKvcGf1pjXz2"
"Helena Hauff","1JcefSOP7bcWEluL0iEIaN"
"Helisir","06PE0H14KHqMtERxX1IBaw"
"Helium Vola","78Cmu3nKUs6Sgud4LU1AwD"
"Helloween","4pQN0GB0fNEEOfQCaWotsY"
"Hemotoxin","2PTo6Il1NMpjAijWDqLBX3"
"Herbie Hancock","2ZvrvbQNrHKwjT7qfGFFUW"
"Heretoir","4W1aTc1mS8IudqNaxfGKar"
"Heriot","49O77SKrEk1b9sNjhI0kM4"
"Hidden Empire","44Ga1YqZthFOzZSTHiNWkC"
"Hidden Orchestra","4Rj2COYs5hQsw8rYIxSviz"
"High Vis","4Gmrt82h2vjGjnp67SG5Nw"
"Highly Suspect","2pqd3HsfsvcBGtHvPOg6eg"
"Hocico","5cilSDFcAQcLwh0dNqMhrE"
"Hole","5SHQUMAmEK5KmuSb0aDvsn"
"Hollie Cook","1fwuUuFbqXJx3B17PUhFCE"
"Hollywood Undead","0CEFCo8288kQU7mJi25s6E"
"Holy Fawn","13rS3lCWshTVt6HsCNjvBI"
"Holy Moses","7jcSmabVYrhiPf8mY1P0OV"
"Home Is Where","1umUe3DQdjTkk0LoMuwcj2"
"Hooverphonic","5EP020iZcwBqHRnJftibXX"
"Horse Lords","0Oslq5zLftqRVwKseBJ7MV"
"Hot Chip","37uLId6Z5ZXCx19vuruvv5"
"Hotel Ugly","35WVTyRnKAoaGExqgktVyb"
"House Of Lords","0iu8uY2sqeWpiwxcdwOonn"
"House of Protection","6fb3I3Q54izgnOMtiZbOBA"
"How To Destroy Angels","1yDbenrXWhaQij3SCpsXe7"
"Howie Lee","5y2TmxjZITDjLsfUxjlkcD"
"Huis","3eqhnCIai0Lp8F1qi8NFiS"
"Huisman","1gGmSBctVb1gB8MbLZVkA7"
"Hurts","3w4VAlllkAWI6m0AV0Gn6a"
"Hypno5e","5bPOuhK95xuq1UKdiqsysz"
"Hypocrisy","73UIalJYgktSi7qQFV53Qv"
"Hüsker Dü","16bN8mhtDFdegWbg0z3s10"
"I Am Kloot","4IDoKaZIEacb3QncU8RQMp"
"I Am The Pilot","1N91gwxcwviyGzaFzjWe6m"
"I Am Waiting for You Last Summer","2N6ovxTbZJfQBpTehOI5wR"
"I Hate Models","0KqSULB80ft2H3aFg6kJmN"
"I Killed The Prom Queen","3DY26PgCL4tKVUPQBtBWei"
"I Prevail","3Uobr6LgQpBbk6k4QGAb3V"
"I See Stars","3iCJOi5YKh247eutgCyLFe"
"I The Mighty","1aK2PiGHyEgc4wAIKQzMj2"
"IAMX","223iUzG0kb5V166FJP9ovD"
"ICS Vortex","4I0CmwwsquH7tPqc2Xfpa0"
"IDLES","75mafsNqNE1WSEVxIKuY5C"
"INXS","1eClJfHLoDI4rZe5HxzBFv"
"IQ","0DQ9JcIWMGVzlQSfCVK4oN"
"Iamthemorning","7xmvkKWYKuJGhmQmuoL7CS"
"Ibaraki","2KfAvhpbfc8YkLBj6w3hfU"
"Ice Nine Kills","52qKfVcIV4GS8A8Vay2xtt"
"Iceage","03hlOXqRyyXO3ectp3eEbU"
"Iced Earth","3KEixcRfBS5K3E91Vn1Kdy"
"If I Were You","64eAZjkDzPIGbBuiANH78Y"
"If These Trees Could Talk","2GVzsXcXyU95u2EahzwqN7"
"Iggy Pop","33EUXrFKGjpUSGacqEHhU4"
"Iglooghost","7LCDnUQYE07fnKbo46SVLB"
"Igorrr","2p2uE4i92Dn4DkThfoKIB9"
"Ihsahn","2E1jLcUfqd9w2XtybNB2Za"
"Ill Considered","2nSY0EIzz3eM6Y6Pc7VXkO"
"Ill Niño","1xJ6l1VXgGuyZ0uhu27caF"
"Illnath","0fTIMPgAhFOIUDA9x6K9GK"
"Immediate Proximity","6W5R5Vnw0Mfq2Q3ul8TNWr"
"Imminence","7rqJQQxuUOCk052MK5kLsH"
"Immortal Technique","7h8ja4JSORo2sXJPmCXRxa"
"Impaled Nazarene","4Q7d9egO7iMngBWfgvm57d"
"Impure Wilhelmina","29luUtCyre5DdAujrV8Pob"
"In Each Hand A Cutlass","14RVZMXKkgP4U8WUq2JGSl"
"In Extremo","4MAvEYtgY8yNljGP697n4F"
"In Flames","57ylwQTnFnIhJh4nu4rxCs"
"In Gowan Ring","1E7fIaRST7jAGkfK0O8SoM"
"In Mourning","0gsIXiV7rw5I9wJaxgoOdB"
"In Slaughter Natives","3YS75aZeOvSbqPgSwFSrVX"
"In Solitude","5CNR5mJJPAhMamFWQ9xJxD"
"In Strict Confidence","5TKuTLuNdfcZ0U9g5sHafC"
"In The Woods...","41E3QF87uVy2sVvX2TobhI"
"In This Moment","6tbLPxj1uQ6vsRQZI2YFCT"
"In Vain","5IL4ovt4wBAp3EBbm3zqlI"
"Incubus","3YcBF2ttyueytpXtEzn1Za"
"Infant Annihilator","6eSSPyqys0J4j0kdi3hFrR"
"Infant Island","34ZIRrOiowNWuyJYt5crZM"
"Infected Mushroom","6S2tas4z6DyIklBajDqJxI"
"Inhaler","6lyMYewq2SuTFIXgiv7OxH"
"Inkubus Sukkubus","5TcSmqbuyYcyn396CFLwPr"
"Insomnium","3uIgLG971oRM5fe6v8lvQS"
"Inter Arma","5ZG7r3Jg0Y1hGQRMQ8hdRs"
"Interpol","3WaJSfKnzc65VDgmj2zU8B"
"Intervals","0xpJGyjbEzkWSNfcf2tcMl"
"Introitus","0WGm1Q6vLn4rGlUf9qmHNO"
"Intronaut","17qfMEjKb5ry8L8mekQZfd"
"Ioearth","1uggVCGVusnSB9DelP236I"
"Iqbaal Ramadhan","218HbH3FJHZfDJzU5YLKcZ"
"Iqlipse Nova","5tVEtYVMATyQ6OVOetuZlk"
"Iron Maiden","6mdiAmATAx73kdxrNrnlao"
"Iron Savior","6COmyouHXwCeIGS1IFd1PA"
"Isis","1LONEO5qtKtO4HqMcc4OpC"
"Isis Gee","5xkFxnTIyP7KqrSH9XUoa5"
"Ison & Fille","1fhvwCr1HKEZgZYOrfsHyk"
"Iszoloscope","6VkujJifZO9UQvkXGLNQ6L"
"It Bites","7bZAkNyTJHbUySJvvUO3MH"
"J.R.C.G.","4aNwMw5llWDwwA67i4sO7J"
"J4TT","07b7fDFq0MD93AByJSH8B6"
"Jaani","5gZhfbckaWo89OzDSk3gdT"
"Jacidorex","0XSNxwt21dxcFTxaYtQjwe"
"Jack White","4FZ3j1oH43e7cukCALsCwf"
"Jakob","0SBEeMzVANjUpI6gTQdTic"
"Jakob","1rRk0aScbAjuf5lAnnTe6n"
"Jakob","4ub2v80S4RIceZRGnlhjTr"
"James Blake","53KwLdlmrlCelAZMaLVZqU"
"James Horner","3PhL2Vdao2v8SS8AptuhAr"
"James Labrie","3bd5EpE5vC93GJT2u0fx4n"
"James Levine","4qFQgEF1rg6a9WvJM0MQIa"
"Jamie xx","7A0awCXkE1FtSU8B0qwOJQ"
"Jamiroquai","6J7biCazzYhU3gM9j1wfid"
"Jane Air","4KIMKOmTZsho4k5RhRwqD1"
"Jane Remover","2rLGlNI6htigNxx172qxLu"
"Jane's Addiction","02NfyD6AlLA12crYzw5YcR"
"Janine Jansen","00hfOKuZEhvKKNXmVdb1We"
"Jason Isbell and the 400 Unit","3Lg3FGwBxOGuefqekQzRUf"
"Jay Lumen","6rxmj7vNEofe96g84qMWoV"
"Jean-Michel Jarre","5MhLmv7GgyjbxGqiIGasvT"
"Jeff Beck","0AD4odMWVQ2wUSlgxOB5Rl"
"Jeff Loomis","1bqlyIXRTCilCmvAr1newg"
"Jenn Champion","4DNoAXTvMQBzmxWdBuIB6V"
"Jensen Interceptor","30eE9RmXxzCcZKTf4N2O0e"
"Jeremy Olander","5vdjF79d5d2m12FOkJhxHB"
"Jerry Cantrell","5HUFo8AH9ZILmlyKFfEMNP"
"Jessica Pratt","5KTykbPcDB4GYS49jcHbWh"
"Jessy Lanza","4b99uGDv75xD1n2QHuPRDN"
"Jesus Culture","0Onvkz1Nbs4wHXXUwOIGk8"
"Jesús Adrián Romero","29SeiO68HQHBs7pDdWOvvX"
"Jethro Tull","6w6z8m4WXX7Tub4Rb6Lu7R"
"Jimi Hendrix","776Uo845nYHJpNaStv1Ds4"
"Jimi Tenor","69H6uUTI29XBzQXV1d3A7D"
"Jimmy Eat World","3Ayl7mCk0nScecqOzvNp6s"
"Joan As Police Woman","6PBv8t9YTLggA9ZMwpeoqj"
"Job For A Cowboy","5L3QTPofDwMPGlNnQkyHK1"
"Job Karma","5f6Z7KPW29NeL38e9BmO7F"
"Joe Satriani","2yzxX2DI9LFK8VFTyW2zZ8"
"John 5","7mAqCk75DUBWgcC0sqhzwX"
"John Coltrane","2hGh5VOeeqimQFxqXvfCUf"
"John Coltrane & Thelonious Monk","7Luj4KYJ3Br6AV82pfEbks"
"John Coltrane Quartet","67PZTxaHKMZBFRUh8wIzCy"
"John Frusciante","7rN3Agir6FaZNfhf5V7mfN"
"John Garcia","5Hr53UjzhLt2qU7XL7OFh8"
"John Parricelli","55Ib86Ob0dKLELhJ1gvUri"
"John Petrucci","4zvIE8a1h7L0IED4r4qKk1"
"John Powell","3EAHF3jdnHHdko5DBrhRUP"
"John Wesley","1cB7kPdXP1iI03Str9GUUH"
"John Zorn","3gkJ7lXtLpE4KauFHpk2vK"
"Johnny Cash","6kACVPfCOnqzgfEF5ryl0x"
"Jon Batiste","0eRbECAGCLLiTyVXPBRexU"
"Jon Hopkins","7yxi31szvlbwvKq9dYOmFI"
"Jon Oliva's Pain","7hmwztTihCX0fsqSBf3lq0"
"Jonas Kopp","6VFndHaC6JUeRiwrVQyDdv"
"Jonathan Davis","1VW5tZ9pmSb2rG0GmSELwW"
"Jonquera","0qUGqUVVMUWzGxSh41rKUa"
"Jordan Rudess","1eAj0NmIiXgqpy5aN4GlsS"
"Jorn","5SaDyTQkjAAdrsmhPzrmw2"
"Jorn Lande","1hlBhTQtfsVJTgwLNpKof5"
"Josh Sinton","2u2BdVS39a5UO7777NDmnk"
"Journey","0rvjqX7ttXeg3mTy8Xscbt"
"Joy Division","432R46LaYsJZV2Gmc4jUV5"
"Joyhauser","59a1Bp0JQfL2mGnpL0lW2Y"
"Judas Priest","2tRsMl4eGxwoNabM08Dm4I"
"Julius Rodriguez","50qPbhYR2iMZzD3iz0eBMF"
"Juno Reactor","1Pe3z1UqRzKsQtHsl25dm6"
"Justice","1gR0gsQYfi6joyO1dlp76N"
"Jutes","53fzjsJnjEKkA6TdncuIM4"
"KALEO","7jdFEYD2LTYjfwxOdlVjmc"
"KAS:ST","7orlzf5LTqSnCzURkZFebN"
"KEN Mode","3I33pakU01BuYZ5UyQ2A0i"
"KISS","07XSN3sPlIlB2L2XNcTwJw"
"KMFDM","3V4IvzRQYP5mzuVtkcHgVa"
"KYPCK","5QdhTBDhLZGC4nOUZQryMg"
"Ka","0cmqAB0gdr6ObvjNrQJAQr"
"Kadavar","0FfuujZJUa7Z2JzhhiPI2z"
"Kadoić Kapec Quartet","1heiVuv1YWhaVbRuWHKwEh"
"Kaipa","2pD2PTwYf1XJQth2hSEmpa"
"Kalle 14","4XcfHsDnK56dkgtR0dFmuj"
"Kalle Baah","2X5ppZ3lSNIvkvdn3UFgBI"
"Kalmah","2YPVtFn6SsYNntkmrdDpGF"
"Kamasi Washington","6HQYnRM4OzToCYPpVBInuU"
"Kamelot","7gTbq5nTZGQIUgjEGXQpOS"
"Kansas","2hl0xAkS2AIRAu23TVMBG1"
"Kanye West","5K4W6rqBFWDnAN6FQUkS6x"
"Karate","6U26vGPwnCQcNDr9Dpj0Y0"
"Kardashev","5UYpPowESfmqU3fD6fJFox"
"Karmakanic","5tJ7jELYPd8ZRIp6dbHS7I"
"Karnivool","6rX8AFY10dsJkJsv23Z9Um"
"Karunesh","4M6YdvdCPW1fvQYbLwmNWZ"
"Kasabian","11wRdbnoYqRddKBrpHt4Ue"
"Kassa Overall","7qzzcFzliEAHMlDA9qaRVf"
"Kasta","5I37oVgAnT7OGiqKJSMVRH"
"Kataklysm","7kozeGeawfP7IEEL6dddrM"
"Katatonia","2CWWgbxApjbyByxBBCvGTm"
"Keane","53A0W3U0s8diEn9RhXQhVz"
"Kedr Livanskiy","7deuX0YejjlcB4uLcdgEDW"
"Keep Of Kalessin","1Oos40mD8hfvswQWVjkbg5"
"Keith Jarrett","0F3Aew9DSd6fb6192K1K0Y"
"Kelly Lee Owens","5eitAUlYmlha3LLWg7aBn5"
"Ken Hensley","60ztBo3v68OYEaicdHnutg"
"Kendrick Lamar","2YZyLoL8N0Wb9xBt1NhZWg"
"Kendrick Scott","3xidVCWg60r8Wdm6g9VCux"
"Kenji Araki","19Gr6pqjMgeXgPlin5QoEi"
"Kenny Larkin","7A4qanEMCOPcywaqZ01yVV"
"Kenny Segal","13vr2QqzoWOWDyaAZDuEGO"
"Kepler Ten","4S7QZx1mv3kbnJLzj8UHXB"
"Khemmis","5Dejhd4zYKEUm6q1FLr1ik"
"Khold","1jWLZOjuzRSkIxmrqAx4Vt"
"Kick Chill","1rDgXk4BYykvC56CDp14Dy"
"Kid Rock","7dOBabd5O4CvKrg4iriHTM"
"Kid Smpl","4C2PD1NVsesl5Clfe19hMO"
"Kill The Thrill","4avNG0cxB0rSLRaX03peEJ"
"Killing Joke","0Zy4ncr8h1jd7Nzr9946fD"
"Killswitch Engage","37394IP6uhnjIpsawpMu4l"
"Kim Gordon","3n8qeKQViV1waeCzZmS4Tx"
"King 810","4LBpvfFaQzQKJU1GUVPniC"
"King Crimson","7M1FPw29m5FbicYzS2xdpi"
"King Diamond","5i0ph60TnwTlIGrOZAmcZa"
"King Dude","0erhjm5MwzWpFRFuorXLT2"
"King Gizzard & The Lizard Wizard","6XYvaoDGE0VmRt83Jss9Sn"
"King Hannah","7t00AYOoiQrcgNlpTkNer6"
"Kingcrow","3nnSgQo8TIgiO5M5pv3mlV"
"Kingdom Come","2YFKPea38AMhGqGSqkFF1Q"
"Kings of Leon","2qk9voo8llSGYcZ6xrBzKx"
"Kino Oko","09wj5lioly1eZIfmdMFq6h"
"Kirlian Camera","6b5KqGQYLUb3NuD2G6W2Op"
"Kissin' Dynamite","2wSP2cFfkqg4LKu1pmkTWx"
"Klaus Schulze","3U2U4TR03ZuStsizrv0EJB"
"Klone","0J2gE1fVwnMhsh0OxUpUPT"
"Knocked Loose","4qrHkx5cgWIslciLXUMrYw"
"Kobra And The Lotus","5hW7RukGK6ErG26zM3Sfzl"
"Kompakt","61PEMwEXuedKtRdDB65MaT"
"Komsomolsk","4h0BJFhxTykCrAi3Vklp29"
"Korn","3RNrq3jvMZxD9ZyoOZbQOD"
"Korol i Shut","0qc4X567Fs1DUbQ7bS2XSJ"
"Korolova","0I6oCyQQ1Q50q97y9B9gAx"
"Kraftwerk","0dmPX6ovclgOy8WWJaFEUU"
"Kraków Loves Adana","2LgLvxq44FkRvstBiPFjsN"
"Kreator","3BM0EaYmkKWuPmmHFUTQHv"
"Krematorij","6UB8s2n5v6CNrlBXOqXet8"
"Kvelertak","0VE0GTaTSeeGSzrQpLmeb9"
"KÁRYYN","4DLYIUgjZAea6vgzGwJUTI"
"Kölsch","2D9Oe8R9UhbMvFAsMJpXj0"
"L'Impératrice","4PwlsrN0t5mLN0C827cbEU"
"L'âme Immortelle","4dEqf0FkWEHRApOeLy3Dgq"
"L.A. Guns","22TEmHXBBLjTec2LOAuMdS"
"L.S. Dunes","2uRjuSX3CCVJO0KBA518XG"
"LCD Soundsystem","066X20Nz7iquqkkCW6Jxy6"
"LESNIK","7yX6vR6mG9eGZ88t1mR4xi"
"LIGHTS OUT ASIA","1jtXwxapRCfIUoU6gbGWzi"
"LYR","5wtSkzUEdGTtT1k4VcJS6b"
"La Dispute","7lQKE6HaKQcCsgLRMhsh5W"
"La Femme","5VTWoYYizcOY3uIKnxeCGI"
"Lacrimas Profundere","4LtKoRSDo1uGlaGGEqsIhz"
"Lacrimosa","57ekbx9PSS4ORs5wTZMSYp"
"Lacuna Coil","4OAddazJM576euUnFSvXSL"
"Lady Blackbird","0CcvfJAMRa28MnCnujCdXQ"
"Laibach","7l4LQfvN4yz8zbK4WY0AAg"
"Laika","3vHLiSEszIgPRLxivAPHO9"
"Lake Of Tears","13ltbymjg9upz4wOoF5TTs"
"Lamb","08YvZ2qzFrDSITfHLbPKMP"
"Lamb of God","3JFsVIxOn7STeilPICkkB2"
"Lambert","6pSQcy8935ABNiK2qOpOlK"
"Lana Del Rey","00FQb4jTyendYWaN8pK0wa"
"Lane 8","27gtK7m9vYwCyJ04zz0kIb"
"Lankum","2zPm4XzwKuPidtfKh92H2Z"
"Lars Danielsson","7c9O0hfRy2u32JVcWhoope"
"Last in Line","5eq1b8QdJPz9PfnZmZndtZ"
"Lava Luna","3fNrOlQ52YEvWZ5ekJWCMm"
"Layton Giordani","7mC3RkNNTV6p2j9w4F8Ip4"
"Layton Giordani","6b7bCd3QkCP9Tunjrch14k"
"Leaves' Eyes","63qODcvBCdG2kTguOJkEqJ"
"Lebanon Hanover","6w8h2uD28BEdg7bX4k3Lh7"
"Led Zeppelin","36QJpDe2go2KgaRleHCDTp"
"Lee Abraham","4FuqxIUgEis79NlHkuhH19"
"Leftfield","72hqBMsw7x5jnfxxwkii8L"
"Len Faki","3fI3Z6NnYoeSQjcqPQDbM4"
"Lenny Kravitz","5gznATMVO85ZcLTkE9ULU7"
"Leprous","4lgrzShsg2FLA89UM2fdO5"
"Les Discrets","2VYbuGDGM7ipeu54IbKzyw"
"Les Savy Fav","5DZBnxCYzs32O2bbqK8KNg"
"Less Win","7HY86uou9npxi209eKavoH"
"Leæther Strip","0klcoRwPQF1GMv8FrA7F8V"
"Liam Gallagher","6sN51vEARnAAdBw1IKZ8Q9"
"Lifka","4aoZSze7qcylNPS5aZdrs9"
"Light This City","4SRy5bPbyNwhKxDvPrJBjp"
"Lightning Bolt","2og3FOCLYXT9H7IYE6QPUq"
"Liily","2asx6eXv9qzj5rA0ESrdO3"
"Like A Storm","5gFZo6Oh5WehnbEj0XtxiF"
"Like Moths To Flames","6RRpZz1uPqY9E28kmSPAhw"
"Limbonic Art","5IrAgNdYXNkINpqT4XCnTD"
"Limp Bizkit","165ZgPlLkK7bf5bDoFc6Sb"
"Ling tosite sigure","00DuPiLri3mNomvvM3nZvU"
"Linkin Park","6XyY86QOPPrYVGvF9ch6wz"
"Liquid Divine","25Q58szbh5Crvgi3ckjg3n"
"Liquid Tension Experiment","0r1s1XoxdoXECGfyChzb2v"
"Lisa Gerrard","3C4MmUJYQN9svNdedAR2BK"
"Lisa Müller","7DBsxnl4NvRICSAX07rmOB"
"Lita Ford","77tBvvyd6SD4Y9Um1xcbxP"
"Liv Kristine","4PZdzBdbnsBMjHipzJlWoA"
"Live","6eoJpTIlcuxJNjV5fDzDJH"
"Living Colour","6Uhp7WA6sjm5ZL6Xz561de"
"Loathe","4G9wSdX0klmoHfjm9i6DLd"
"Locrian","3qg85LFImCJ1zIefm6urwC"
"Loma Prieta","4ULLVhwYkyOqpVxe0Asbtt"
"London After Midnight","51mEqzVhG2n9nD2kBAnWer"
"London Brew","6rVN7vMGgDqCGif9EpNpVb"
"London Grammar","3Bd1cgCjtCI32PYvDC3ynO"
"Lonely Guest","7GdAHQoXPiF1euhf7IRfRd"
"Lonely Robot","6QsBFBEWHLod7IqInyBOjJ"
"Long Distance Calling","3SiCxhceGZgzusCLHd4Zz6"
"Loqiemean","2Nl6vz4KNIHQjyoOLTadCn"
"Lord Of The Lost","28eLrVsohdXynlnIzQ2VvI"
"Lorde","163tK9Wjr9P9DmM0AVK7lm"
"Lords of Black","5PgEqen6HcezHZRU1PJO0Z"
"Lorn","1PmVyfIR9KtCxbHWuga8E5"
"Lorna Shore","6vXYoy8ouRVib302zxaxFF"
"Lorne Balfe","6dU7gPN2BhEPfO5QHLt7es"
"Loscil","3GM5cpCBadq2PMHjFoEvhK"
"Lost Society","5Vy1NbrZXTMTAGFa4Im6hN"
"Lost in Kiev","4VBq7oPj5Yi4Yfx4hopGY3"
"Lost in Wonders","5zgVpf9ecX0XY9Uy5Jfj8e"
"Lotus Eater","5vJb4ALVjzp54RZfSL9vtO"
"Lovage","2AgMAiv3MvgQMwYrnLBeje"
"Lovejoy","33tFkBLsl6f8TjKkV0uF0C"
"Lower Dens","5uTJLo3c4ZHpH8oEwGxYUN"
"Lucifer","4fqjeVEalB6iB3BhKu5HwZ"
"Luke Vibert","0HfxCluo7N2dhr4oRM0wBv"
"Lumen","7tQd3Qyg1i6U9FS1tNb0ne"
"Lunascape","4MPGp9qamK8dmXuUGr6Zcg"
"Lunatic Soul","5kL0FLCWlo2xLmyRI68bW4"
"Lund Quartet","6GUoU3k0b3qF1T06UvyAhk"
"Lush","3ysp8GwsheDcBxP9q65lBg"
"Lustmord","3FpCFpdoJOrGuR3G7UBgC7"
"Lyapis Trubetskoy","1PH7LtTLFyoZUEa7B64pws"
"Lykke Li","6oBm8HB0yfrIc9IHbxs6in"
"Lyrical Lemonade","3VrGfWE8YdYMK4ySpnE0ly"
"M83","63MQldklfxkjYDoUE4Tppz"
"MASTER BOOT RECORD","77s5NAGQbxu8oLstaqSwHE"
"MGMT","0SwO7SWeDHJijQ3XNS7xEE"
"MJ Lenderman","4tK6Z8fK7Sc9133byjPGIT"
"MONO","53LVoipNTQ4lvUSJ61XKU3"
"Mac Saturn","1mhQaaVp2t1WobfIADrcd2"
"Machinae Supremacy","6cmp7ut7okJAgJOSaMAVf3"
"Machine Girl","17Vw9uuOYB7XYjPt0LNFN0"
"Machine Head","0lVlNsuGaOr9vMHCZIAKMt"
"Machine Men","3RyVfqwQOd0gFnQS0qY8ao"
"Mad Season","0T7JQxpy1Li93vLNirbv0Z"
"Madball","1qh6ppVtiFTKMyta0NXsjf"
"Madonna","6tbjWDEIzxoDsBA1FuhfPW"
"Madrugada","0iC8O5ABswVUFiYwM94bu3"
"Maeror Tri","6RRvsel2LEC5O1XOaEgY2s"
"Magdalena Bay","1oPRcJUkloHaRLYx0olBLJ"
"Makaya McCraven","5FnpXrrMdJVZCK54oHWqUa"
"Make Them Suffer","0FZcPgWI3BsFQl4rOAGSHT"
"Mall Grab","7yF6JnFPDzgml2Ytkyl5D7"
"Mandy, Indiana","2nDJxXJ7PtW7eLpFXcGH3u"
"Manic Street Preachers","2uH0RyPcX7fnCcT90HFDQX"
"Manowar","4CzUzn54Cp9TQr6a7JIlMZ"
"Mantar","6rVRU7I6r1lt6bhXGYTRQL"
"Manticora","2G99sa92gtg3AXLF5K8qur"
"Mantus","50CspSWbHQ8XLjQVW1nIW5"
"Maps and Diagrams","4PkKepZERb6oyj3ogSKmDx"
"Mar de Grises","5LtQfBRtAfAvDlYlDzpAqV"
"Marc Almond","7nBZYpVAH6bD0QlD7Mpil7"
"Marco Faraone","00IUMN7pWAU2jYWcdOt5c3"
"Marduk","2lxB5NTcQXj7GGRR4xAVaH"
"Marek Hemmann","7tL5UmgvPx6TqKyf0Sjjw6"
"Marianne Faithful/Tommy Mandel","5tcM3VwidqD9nKufbcendS"
"Marianne Faithfull","7mlge4peaoNgzTsY6M32RB"
"Marika Hackman","5DGJC3n9DS0Y9eY5ul9y0O"
"Marillion","7ai5TWiOG8g9Hds5AATS28"
"Marilyn Manson","2VYQTNDsvvKN9wmU5W7xpj"
"Marina Herlop","4ZG4S6skttdVhHz08AjMhR"
"Mark Guiliana","798TUNb6IfpsZzMkkzVGu1"
"Mark Hollis","1dKzjmxVJw8SSE0LVxW2Dp"
"Mark Knopfler","0FI0kxP0BWurTz8cB8BBug"
"Mark Tarmonea","0G0DRVtduDqqikbVbZXaNn"
"Marmozets","3KEhhixoMshqSEJ71rS7w1"
"Marsen Jules","58OsIXYmSTERQ6rICyWRqB"
"Martin Jarl","1QIfFsxtWzWn8sM0cuof1T"
"Martin Kessler","7414QaUwzWw1GO8XyOyM2f"
"Marty Friedman","5czW6bitDSKbNBNDizRT9p"
"Maruja","71ISXR7gtIq5E2AdI3jGf0"
"Masala Soundsystem","3zDPgJV34oObNMLJFEBkWQ"
"Massive Attack","6FXMGgJwohJLUSr5nVlf9X"
"Massive Wagons","7xytG2E40s4GeukvZCGqGP"
"Masterplan","1OHNvr18TssBKYK0A75yvx"
"Mastodon","1Dvfqq39HxvCJ3GvfeIFuT"
"Matchbox Twenty","3Ngh2zDBRPEriyxQDAMKd1"
"Max Richter","2VZNmg4vCnew4Pavo8zDdW"
"Maximo Park","048FBwXjFYBWxSggPDipic"
"Maybeshewill","33qUIIydEBgWpe58IA0o61"
"Mazzy Star","37w38cCSGgKLdayTRjna4W"
"Megadeth","1Yox196W7bzVNZI7RBaPnf"
"Mekong Delta","1EzRkEPmjf1ZEjTnWVXiQ2"
"Melotron","3rqALSvaM6NU1mHBQq9I8B"
"Melt Yourself Down","0LWlgth3CFLC6eD8mtWCOA"
"Meltt","2iHrc69sZgyWFBAhLpS3oH"
"Melvins","6aVjo0xHSiuW5hkasoYSR3"
"Memphis May Fire","7cNNNhdJDrt3vgQjwSavNf"
"Meniscus","6h1Z9DOWJlUEN07cR3j1C6"
"Mercyful Fate","0W8edGiwAsv6HXF0Kyc2V9"
"Merry Lamb Lamb","6wLVho9ZDD140wQ9laOlhx"
"Merzbow","5UezsklPScipW64XJm7qql"
"Mesh","1uS4cYRRZRtauASIM9RxBG"
"Meshuggah","3ggwAqZD3lyT2sbovlmfQY"
"Metal Church","0exvkfkATkqWOJgugTjJhP"
"Metallica","2ye2Wgw4gimLv2eAKyk1NB"
"Metalocalypse: Dethklok","7u12AuhJ5AaJIgZAZe0US8"
"Metric","1rCIEwPp5OnXW0ornlSsRl"
"Metronomy","54QMjE4toDfiCryzYWCpXX"
"Mette Henriette","2xMRxDfCsanRWGMvU9mNwP"
"Metz","18TNVFTJ6WfeicsMRrdJHI"
"Mha Iri","5VMXbzLVkLd4Cq4rBzx4T3"
"Michael Hoppé and Harold Moses","3sRMazSQsUAtDlf5zRaW4z"
"Michael Mayer","5R9d1YP5jtBw2IrQItGzQI"
"Michael Schenker Group","5uSY4FF3dZMCVSkZslKCHi"
"Michel Petrucciani","13kHQ586h4Lm9iwVyS2b3K"
"Mick Jagger","3d2pb1dHTm8b61zAGVUVvO"
"Mick Jenkins","1FvjvACFvko2Z91IvDljrx"
"Mike + The Mechanics","2yTUYhIf8fxptTIy3KLuJD"
"Mike Oldfield","562Od3CffWedyz2BbeYWVn"
"Mike Patton","34Ai24gPz5YJ8NbksiNFef"
"Mike Portnoy","0tXHekFgHjeLensP3Uf2b9"
"Mike Shinoda","6xBZgSMsnKVmaAxzWEwMSD"
"Miles Davis","0kbYTNQb4Pb1rPbbaF0pT4"
"Militarie Gun","4us4NMG5wuqdUZvthZrj0Q"
"Mimi Barks","5A4P1UOSqbSvJKoi3VYlCC"
"Mind Against","48LWLoeY0dhwaiX1FRsn72"
"Mind.in.a.box","7oFwFLcW5btR2tHAnPqnDH"
"Mindless Self Indulgence","5R5MLOQbI4lb7GHYioPqoN"
"Ministry","1DXylZlWbVvlckNqwvjTEt"
"Miranda Lambert","66lH4jAE7pqPlOlzUKbwA0"
"Misery Index","1kTUJy3zL57iEANLB9FpIA"
"Misfits","1cXi8ALPQCBHZbf0EgP4Ey"
"Miss May I","2OTuoIi28WybVbVcykc237"
"Miss Monique","29TpNOsTNYbLb6Xa10H0PR"
"Mitski","2uYWxilOVlUdk4oV9DvwqK"
"Mizmor","655AEE6ifgDJ3TYkhHdP48"
"Mlada Fronta","2gCJPbu0JcMaIEROCz18VL"
"Moby","3OsRAKCvk37zwYcnzRf5XF"
"Modeplex","1NnerRuA7QMi4ILFMoQsaU"
"Moderat","2exkZbmNqMKnT8LRWuxWgy"
"Modern English","0fYPQBOx0vsRMmjUba9HgF"
"Modern Nature","6qmQYC8FDqqdpsJDNCb1ms"
"Modeselektor","2jYMYP2SVifgmzNRQJx3SJ"
"Modest Mouse","1yAwtBaoHLEDWAnWR87hBT"
"Mogwai","34UhPkLbtFKRq3nmfFgejG"
"Molchat Doma","1nVq0hKIVReeaiB3xJgKf0"
"Moloko","4aaBjq7VqqQvpSF69GglvO"
"Molotov","27Owkm4TGlMqb0BqaEt3PW"
"Monetochka","0yp6xP5xe1qarfugfTixOK"
"Monika Kruse","2xeHjPrS4EnEUIXHV9pkeg"
"Monika Roscher Bigband","1JsBuuKCnA43vrlM1X4cKN"
"Monkey3","31GFg2x20JkksUlQxN9BMe"
"Mono Inc.","1189BemPY7h2lgaH1pkzGX"
"Monolake","4XvKzACpcdk5iiZbWNvfbq"
"Monolink","2I4hRNCYkPKJQlkoEZKjYx"
"Monolithic Elephant","5HConwEL4eBfxmezJNXTHQ"
"Monoman","3HvXPaWNHr5b1sDkZPxvSg"
"Moon Safari","0Wr0oT0aCD6w7O25TPwnoX"
"Moonbeam","3QiHmFCzfmjt1XDPSdRh0D"
"Mooncake","6DKVucXliE7U2RV52HF1YL"
"Moonspell","17bYSQ9ZRnreVnJjE5X2x6"
"Moonwalk","1khyIydqanugacJyKdmceT"
"Moor Mother","4kANxfLenUobb7t5fHSrgA"
"Morbid Angel","35jmO5o3AhUV70kiR7u4Nw"
"Morcheeba","6bWxFw65IEJzBYjx3SxUXd"
"Morokh","54gPFxtvX7bYAbqwXuxHzX"
"Morokiri","7z1JEk5zoKNRnqrShRCPLN"
"Morphine","3QgSmABpItIdj908ek80n5"
"Morrissey","3iTsJGG39nMg9YiolUgLMQ"
"Mors Principium Est","1k0jnWb55QS6FjTU9LzMhi"
"Mostly Autumn","0vrLc1rsMvNABzRK116UJn"
"Mother of Millions","3121AQETMztJVu59OKAnFJ"
"Motion Trio","17tGgsnMLtLW3JFcTE1F22"
"Motionless In White","6MwPCCR936cYfM1dLsGVnl"
"Motorama","3j0kMFxXTTYsuw1twLClw3"
"Motorpsycho","2bNIAjyL3hFCuQBQqhPN4T"
"Motörhead","1DFr97A9HnbV3SKTJFu62M"
"Mount Eerie","4Sw0SFu1fFdYXdAEVdrqnO"
"Mouse On Mars","4ZgIWfyg9BkcqnJJ2xVR3f"
"Mouth Of The Architect","74Lk7WdgkYm19XoHvEsr5F"
"Mr. Big","5OfhOoKunSnuubxxRML8J3"
"Mr. Bungle","2zq0uqN9Wq12tqrQQt1ozw"
"Mujuice","5oCq1yafGo6ND2PnmhINPL"
"Mullmuzzler","3bb8kP4UEDwVpT0aIKudze"
"Mumiy Troll","6rY1h3kpqbTquyR3qYWo08"
"Muse","12Chz98pHFMPJEknJQMWvI"
"Mushroomhead","18absyD7lQaXUDBXnyzU8M"
"Muslimgauze","7bO9rUH5Yd2Td8S1TMoBUP"
"Musée Mécanique","1I91gH26lvsju14Hy5h0Xx"
"Mutoid Man","2KhRuej67LynneJthmMx8o"
"My Chemical Romance","7FBcuc1gsnv6Y1nwFtNRCb"
"My Darkest Days","64g59lHsc4g2jMFokrKDGW"
"My Dying Bride","7iMWWdRNiCJwGOGEIYr02z"
"My Own Private Alaska","7hhYefJAxw4o2hlO7q4GlZ"
"My Sleeping Karma","4idYdwYKM9exGep2RkwHcE"
"My Useless Life","1wMqSb6Jx1f9ETpLwMgQno"
"Mylène Farmer","0e04xgVBPU6mE2QkSHlufD"
"Myrath","72500XOYPw5e7OgFWuW2Gl"
"Myrkur","3544ImlskUwZqWJTmqWUsa"
"Mythic Sunship","4yLYs2MVLQASTlCVmA0APJ"
"Mötley Crüe","0cc6vw3VN8YlIcvr1v7tBL"
"NEMOPHILA","1ijXMkMWUj8mJrW2SnIvpp"
"NOFX","4S2yOnmsWW97dT87yVoaSZ"
"Nachtmystium","5Cz18ETgjR6kcVMUK0YOqD"
"Nadine Shah","75OpU10VolujEA1pl0h1dX"
"Naik Borzov","6Y00vC4OI2oTt5ClApQXun"
"Nailbomb","4Q6EFOghPrRjdwsF4p7Nzm"
"Nails","69a2GzMCkrrTrN9iVmP8Ys"
"Namatjira","5Zk3C1qiqo4MaqMumhmDzp"
"Nataliya Lebedeva Quintet","3VELWZusIxe4B2X182ppWd"
"Nathan Fake","5rZVjGkZZI4TnpMHQwrxfG"
"Nation of Language","5JWBow4ywgKNQ5HBxY8hcz"
"Nautilus Pompilius","3tYzkTZtYt5dGBSrAnWpX0"
"Naxatras","6HN1s0JzLowapZ7nhOAJ71"
"Nazareth","6fvN9GmMCVKb5LY0WsnjFP"
"Ne Obliviscaris","5kbidtcpyRRMdAQUnI1BG4"
"Neal Morse","5N30GOA778sBmLm7FdB5Bq"
"Nearly God","7gj6CKuLBOOVh1CEEJdxbT"
"Necrofier","0gVAC9uep6phnKC3vAHjGf"
"Nektar","0n2Uel3CvQrmMsYLEfpO3s"
"Nervosa","5D9d9xyLNQu32QVD9t4YqH"
"Neurosis","1KHydwFySZY3YcWyo2q2dF"
"Neuroticfish","1nAFTfHqP2WGCKJDKH5yqx"
"Neutral Milk Hotel","2ooIqOf4X2uz4mMptXCtie"
"Nevermore","1wUArE0NhHB8M1bU2WSplY"
"New Order","0yNLKJebCb8Aueb54LYya3"
"Newfound Interest in Connecticut","6r2WWT5OW7Xwev9B0qfAW0"
"Nick Cave & The Bad Seeds","4UXJsSlnKd7ltsrHebV79Q"
"Nick Cave & Warren Ellis","5cQYq4eJmOwUGCAjhajFg7"
"Nick Drake","5c3GLXai8YOMid29ZEuR9y"
"Nickelback","6deZN1bslXzeGvOLaLMOIF"
"Nicolas Jaar","5a0etAzO5V26gvlbmHzT9W"
"Nicole Moudaber","7ixDtqtITfqx5lZQGh5gKe"
"Niels Van Gogh","6L8Co7Voup4dISwbSl3owl"
"Nigel Stanford","4Jyb0l1PTSn1VxNmiFxSf4"
"Night Verses","55GUoQ2E2hze3842bFs4bb"
"Nightwish","2NPduAUeLVsfIauhRwuft1"
"Nile","3v3VSKylQE69ztn5TUVlFE"
"Nils Petter Molvær","2r1f1zkIjuQ7ETeJHsXpsc"
"Nilüfer Yanya","09kXLeOXRyfNQMXRaDO4qA"
"Nina Hagen","7xZHrltZh8zIRvjimgABvj"
"Nine Inch Nails","0X380XXQSNBYuleKzav5UO"
"Nine Stones Close","3t6dCTGTh2R4SKyKX9jRbb"
"Ninet Tayeb","4oEhVAb4wkpqQbOqVMroI4"
"Nino Katamadze","0IgKKE0te0sJPubrATGDLS"
"Nirvana","6olE6TJLqED3rqDCT0FyPh"
"Nitzer Ebb","7EnAgffrVyerTWH628TJ6f"
"No Doubt","0cQbJU1aAzvbEmTuljWLlF"
"No Home","1B0UGkzDtoahtUCuCfath6"
"No Man's Land","2rIkOvRPBqUpcXRVHMG8Gy"
"No Mana","20yuGdfbRkW0HH3OfG1Nkg"
"No-Man","77BO4bYHfvTmVuG63wOuHX"
"Nochnye Snaipery","2GUwb2rxMKePzxDi94EEoZ"
"Nocturnus","5ATaBoi3yPQE7k3PD7TuDB"
"Noel Gallagher's High Flying Birds","7sjttK1WcZeyLPn3IsQ62L"
"Nogu Svelo!","6EwC0Bw0mA6AZPVnmT8xzf"
"Noise Unit","4lgM2tyo1khStD5gl171Au"
"Noisuf-X","5Ugr8SZik8bMfgldDbJecL"
"Noize MC","69v4ZOOomf1TNp59YYB1j7"
"Nonkeen","4164ldqgBP6uc3FuA1gA4b"
"Norah Jones","2Kx7MNY7cI1ENniW7vT30N"
"Nordmann","0Uox3PUw47qEqroDggrDRE"
"Norma Jean Martine","2fsk4VlJdNF6G8cCMDrrzB"
"Northlane","3qyg72RGnGdF521zMU02u9"
"Nosound","3lxJFv99itw5UfcbG1uwht"
"Nothing","60mqEPQp1eNjuwt1Z4yL4J"
"Nothing But Thieves","1kDGbuxWknIKx4FlgWxiSp"
"Novembers Doom","7CPjagX3gF7woK0P7YNuKd"
"Novembre","4msfuRcJKKgjJ8xtFSnbyX"
"Now And On Earth","3IxBI6UBHwJncSrihJEP6i"
"Nrktk","4yH0Hk7yuap7g2ogiXzLhm"
"Numenorean","2qBGuYUZX53HN4Vk7Msjlc"
"Nurse With Wound","7BqVdvWeMLlWkZAOGRPe0I"
"O.R.k.","5rkJj1VYae5gFozDas6Dsg"
"OCEANS","7x3hXpGkI296eBLTbhbND0"
"ODESZA","21mKp7DqtSNHhCAU2ugvUw"
"ONI","6Rnp9z01jyCXbdynsTOQLB"
"OOMPH!","2mZITUvfEwrKlksoGpHTsM"
"Oasis","2DaxqgrOhkeH0fpeiQq2f4"
"Oathbreaker","5kDp9RPBnmQzBLwVnVyVvz"
"Obey The Brave","5heEwugc3JGxjIIivDEAg3"
"Obituary","0SbGI4sb8dAKFZnK7RFyhz"
"Objekt","44z1nVVXZE8d4njcQmQLWc"
"Obscura","7i82bJxWj1Tggc7pnU1hzt"
"Ocean Grove","0AlnGjlLLXglk9hnwErYDU"
"Ocean Of Plague","5KLhNVm8wazH2bWq2lTUQb"
"Oceano","3Hz1j47p1SiZ9jlgMfkU01"
"Oceans Divide","2RHjhmanyYnqKUyLbslWsD"
"Oceans of Slumber","2JSza6IRxLr1Ez3wqKd0SY"
"Oceansize","0Opj9xi9HHrH0L9uHAKnKm"
"Ochre","0OmHDBh5styCXDWKwz58Ts"
"October Equus","39xmfh4mcpEbye2WGMBRK3"
"October Tide","4Ttdsj7ypWvHOhephBvXAl"
"Oded Tzur","0qi2QVszdqHPr7Wb7kjMbi"
"Of Mice & Men","4tususHNaR68xdgLstlGBA"
"Oh Hiroshima","19iNYCVHcMwJMS3NZqhZ59"
"Oh Wonder","5cIc3SBFuBLVxJz58W2tU9"
"Oh, Sleeper","3HMsQNXUa0je3yG5REHkQ7"
"Okean Elzy","6NTzEgUmN1PIBIYEHhf1kS"
"Old Man's Child","4LT73i2bqTazQQkmODMaYf"
"Olhava","4lpvlgUCumwxmQD37sbIZt"
"Oliver Shanti & Friends","1Q2ifiLn6HWlRAlycDOsvk"
"Olivia Rodrigo","1McMsnEElThX1knmY4oliG"
"Omah Lay","5yOvAmpIR7hVxiS6Ls5DPO"
"Omar Rodríguez-López","4ANigmoglCpG6sHgfT1hkB"
"Omega Massif","3x1aecvlOZRUe1ecY7Xzgz"
"Omni Trio","2lWfeg9pEv7nuCkZMbnhai"
"Omnium Gatherum","52xuvlUvnxqH0xzxGPKXSu"
"On Thorns I Lay","7bGopU168qloFmaY1OcSwv"
"Onségen Ensemble","2To3THwy65hXvpHzKLiJqv"
"Opera IX","5zFNP1k5nKr89tzOA1NsZO"
"Opeth","0ybFZ2Ab08V8hueghSXm6E"
"Oranssi Pazuzu","3XFQRe2FsSOjrODygK4caW"
"Ordo Equitum Solis","4IJD8DDRUXAKpfC2XaXY7o"
"Ordo Rosarius Equilibrio","0bY1ikxE6bmq9neq4XotXy"
"Orgy","4uYwLU7k03RCQSRXGtQGg0"
"Origami Angel","0cmSXx965Hnm6fP42oW6vY"
"Origamibiro","63spF4PjWVwqLMPRdGR1Us"
"Ornette Coleman","47odibUtrN3lnWx0p0pk2P"
"Orphaned Land","7xTMxqAmbtE0Nce5lz7t0h"
"Oscar Peterson","6zkX5fhrSD4tdVOmimR9wB"
"Osirus Jack","3p6dh3Zn4fVXJatMy3Xqzq"
"Otep","6iswhpc2w6na3lS1vehFXF"
"Otto Dix","4xYV3eueFMTN60gezE972y"
"Our Dying World","7Bp0kYAb3Dpxouef4QOmsG"
"Our Last Night","00YTqRClk82aMchQQpYMd5"
"Our Mirage","1QpYiCxy3p5Wz7HtomBqHU"
"Overkill","0NmYchKQ8JIR9QHYJA0FRe"
"Overmono","01PnN11ovfen6xUOHfNpn3"
"Oxbow","4m47y2u5lJBKbakAv5YAh1"
"Oxxxymiron","1gCOYbJNUa1LBVO5rlx0jB"
"Oxygeno","5Bgwm3EujwUpdT2X8ZT2pZ"
"Ozric Tentacles","0Iv00ucAIqr5KVS7bXGFa9"
"Ozzy Osbourne","6ZLTlhejhndI4Rh53vYhrY"
"P.O.D.","6KO6G41BBLTDNYOLefWTMU"
"PALLBEARERDONDADA","0eTCLffWwU6z3gqymLudit"
"PATRIARKH","15LsRgSmN0t8VLcsUFYW5J"
"PJ Harvey","12VaqyEhgwDRuFfEqbnrpz"
"PVRIS","6oFs3qk4VepIVFdoD4jmsy"
"Pain of Salvation","1uRpg2s2jNaxbmoNiJDGfd"
"Painbastard","2OAcGkfv32uvvrLM2kxCAw"
"Palaye Royale","0hAd6zwEgt9ILuMDY1prcI"
"Palehørse","0lrx5O35ChbxpTU5DrajWN"
"Palisades","2w6slVluzWlwADP8aB5yz5"
"Pallbearer","2yeEmsTQMNHBlS5dhWtuD1"
"Palm Reader","0kP3iUpk8Bs7k2ROuXt7ZN"
"Pan Sonic","7qk18OMPkaekOJt2QUva9G"
"Pan-Pot","6OQOvP7RAdmAKVXXQqD0Se"
"Panda Bear","1R84VlXnFFULOsWWV8IrCQ"
"Panic Lift","2mxnn8R0oInr7Nuq8mqlfC"
"Panic! At The Disco","20JZFwl6HVl6yg8a4H3ZqK"
"Panopticon","2Mz5qpR3WxbcBwZBsmraWE"
"Pantera","14pVkFUHDL207LzLHtSA18"
"Papa Roach","4RddZ3iHvSpGV4dvATac9X"
"Paradise Lost","0gIo6kGl4KsCeIbqtZVHYp"
"Paramore","74XFHRwlV6OrjEM0A2NCMF"
"Pariah","0ZCB95QaI7Tgdnb2yU2iNg"
"Paris Paloma","2EXpthNgSeTDeX8nGwxppp"
"Paris Texas","1SCrMreNPJYSRZIlRe9SUq"
"Parkway Drive","159qqlGwzE04xyqpfAwRLo"
"Parov Stelar","65EXuYHVoehCKqp0kOS6px"
"Parov Stelar Trio","3qQgY6bwLUYIkxPWTaafHR"
"Passenger","0gadJ2b9A4SKsB1RFkBb66"
"Pattern-Seeking Animals","3X2gxHjnxuXGLgs0nrqMuW"
"Paul Gilbert","19sJfp2FK2evlsw46WVhPG"
"Paul McCartney","4STHEaNw4mPZ2tzheohgXB"
"Paula Temple","4iy2RFU8gIpXF5yaK0l8ZT"
"Pavement","3inCNiUr4R6XQ3W43s9Aqi"
"Pavlov's Dog","3ZTpSMKKljfomqVgeJGwDL"
"Pearl Jam","1w5Kfo2jwwIPruYS2UWh56"
"Peeping Tom","3R0asV2e7pWetezwXtpDLG"
"Pendragon","1FbhZBxn3QlkK7r9HCdeAY"
"Pendulum","7MqnCTCAX6SsIYYdJCQj9B"
"Pennywise","6i0KVTOvm96T55mbp742ks"
"Penumbra","4LMOrQtDq76ar9W4d2FsRk"
"Periphery","6d24kC5fxHFOSEAmjQPPhc"
"Persefone","4wxyib7wQwVxwKNFBmOhAw"
"Perturbator","244uLu9lkdw39BJwlul3k8"
"Pestilence","6JcFn4PlXFuXmhRXpOpsan"
"Pet Shop Boys","2ycnb8Er79LoH2AsR5ldjh"
"Peter Broderick","3haVJx9TUcufYl1rPyH0iv"
"Peter Gabriel","7C4sUpWGlTy7IANjruj02I"
"Peter Gee","1QqdtORTgxlvKoCoIJ9U4g"
"Petlya Pristrastiya","697163MACOzj8XJYvJSHQz"
"Phantogram","1l9d7B8W0IHy3LqWsxP2SH"
"Pharoah Sanders","3JLUCojZaHrX2LaUkSj7Ud"
"Phideaux","4sQFj3fHL94F38mCUftQR3"
"Phil Collins","4lxfqrEsLX6N1N4OCSkILp"
"Philip Glass","69lxxQvsfAIoQbB20bEPFC"
"Pia Isa","5drjkRRa1HQ9MZzWWCJH4l"
"Pianoboy","1M13YpUyqH2idB6UkOf41Q"
"Pianos Become The Teeth","5gbwngeG3dwS4ARmtgud9C"
"Pierce The Veil","4iJLPqClelZOBCBifm8Fzv"
"Piknik","5wgsNcDGG62hDgjKg73qc8"
"Piknik","625pLI6ukICVgPMaZZ9QVX"
"Pink Cream 69","2LvylSBC8l3930y1iXnrDE"
"Pink Floyd","0k17h0D3J5VfsdmQ1iZtE9"
"Pixies","6zvul52xwTWzilBZl6BUbT"
"Placebo","6RZUqkomCmb8zCRqc9eznB"
"Plaid","5akVqMzdZOdbMYbE4vNZWD"
"Planes Mistaken For Stars","2rfJuPYf7n3inXgdDNxMku"
"Plastikman","7GoFQNOTX0suC6Tn59qx8n"
"Playboi Carti","699OTQXzgjhIYAHMy9RyPD"
"Plini","3Gs10XJ4S4OEFrMRqZJcic"
"Poets of the Fall","1AZ30JnvQU1pbX6sbRE0Yn"
"Poh Hock","0KBR26P2goagfV6qJWctFB"
"Polar Bear Club","1p6hpm6uzCPHdSfrzQwnQA"
"Pomegranate Tiger","30T39voTL4EiHKGNE0mQxO"
"Ponomarev Obrazeena Massacre","6dF4Fejx6icS2DLktKTYcS"
"Pop Evil","1pRaG81GsVtaTBuVSpldt2"
"Poppy","5mlbvTfWUOfDrUIK6dkNzv"
"Porcupine Tree","5NXHXK6hOCotCF8lvGM1I0"
"Pornofilmy","47jBQjRmURjRn3XfLIaHvV"
"Port Sulphur Band","3vfSIBYEThPQXe3LXityGk"
"Portishead","6liAMWkVf5LH7YR9yfFy1Y"
"Poshlaya Molly","0xByDfltDVpk6LDsUMHyI2"
"Pouya","4nXOZlYoAD67hF9aUEncMY"
"Power Tale","5YfPhkey3M1vnmUOvEeutU"
"Powerwolf","5HFkc3t0HYETL4JeEbDB1v"
"Pretenders","0GByy3DcfbQwDvXGCWmzv9"
"Pretty Maids","4OGo8f0tdKloP3IZwvnLqt"
"Primal Fear","1yfiDL3YUEJlQCgb5Pun6g"
"Primal Scream","3wury2nd8idV4GecUg5xze"
"Primordial","0BZr6WHaejNA63uhZZZZek"
"Pro-Pain","56F64pmwSSCcmS1CxAnPk8"
"Procol Harum","0GbqW5TJr7n4is453VOY4C"
"Proem","1hTlyo5QWVHUA3xUGgXqa5"
"Prohibition Prohibition","4ltuz7n6pzLqk4K0p2lSNf"
"Project Pitchfork","0DLfONSFG8AA0cQvh1yCrz"
"Prong","6SER9tY2pDIDVWVf5Ql97B"
"Prophets Of Rage","1fSzW5cXBmquli5laFnoGY"
"Protomartyr","2YFBqMMiIIL4XyiEwqySUQ"
"Psychic TV","3oi0s3WIuxBU5oh87n7za2"
"Psychonaut","604HhRLmc5DXNS221XKm3a"
"Psychonaut 4","7oBiHmzfoAYKAFU5uO65Jc"
"Psychotic Waltz","2dOv4EhVP0W9QU8irQJEld"
"Psyclon Nine","5Wqztnja4JFJ7WNcGLzAzb"
"Puente Celeste","2OQCxodkmRor5rZ8e87cmK"
"Pulp","36E7oYfz3LLRto6l2WmDcD"
"Pulse Legion","2PvRNk3KhVARsGCqvQi1eU"
"Punto Omega","2Qa1uwLF03cGzyX3zeLSrJ"
"Pure Reason Revolution","0DauHVRiE8SpGWxW0YINj3"
"Pyramaze","23jSIm8VfKV2HaQJtfR3PK"
"Queen","1dfeR4HaWDbWqFHLkxsg1d"
"Queens of the Stone Age","4pejUc4iciQfgdX6OKulQn"
"Queensrÿche","2OgUPVlWYgGBGMefZgGvCO"
"Quench","7KxmXTMMSMu1DIYA2G3CNZ"
"Quiet Riot","1dLWg6m8RRhizsdqJbhyj3"
"R.E.M.","4KWTAlx2RvbpseOGMEmROg"
"ROME","5Y9b87BZjL8FYMFiWfSFAL"
"RPWL","6W3jf0DMjNFxW2uyeGzOhJ"
"Rabbit Junk","3Cnkej21cJ1XgbAh98CbaS"
"Rabea Massaad","36iTQET6zbLEVZrOznFuTs"
"Radar Men from the Moon","610D1HfspKBoGWwdebPiR0"
"Radical Redemption","3Ij56hbjOTHq8RgutQwfxC"
"Radiohead","4Z8W4fKeB5YxbusRsdQVPb"
"Ragana","3SwRHVTRoAEOkggZnCSFzt"
"Rage","5TJVsWPUaJxBxWfVZQEt2x"
"Rage Against The Machine","2d0hyoQ5ynDBnkvAbJKORj"
"Rain City Drive","4rMxZovfLSDjEL9eI2pKo7"
"Rainbow","6SLAMfhOi7UJI0fMztaK0m"
"Raison D'être","0NOdtBd6AUb9WLGfVU1yDR"
"Rammstein","6wWVKhxIU2cEi0K81v7HvP"
"Ramones","1co4F2pPNH8JjTutZkmgSm"
"Rancid","6xTk3EK5T9UzudENVvu9YB"
"Raunchy","4IE8lT02HoEygu1flFQB7m"
"Ray Alder","0xcZhWG8w7XvCUtziZCu09"
"Ray Wilson","7dkRevTc1Sgu4UBC656n9a"
"Razor","4jvgoG685KIVaPYwqVF60B"
"Razorlight","450iujbtN6XgiA9pv6fVZz"
"Re Dupre","4mIBV7YPjs5Y5QrLEeONNu"
"Real Estate","41SQP16hv1TioVYqdckmxT"
"Recoil","2FsVA4kCeWeuzhll2D8HtT"
"Red Hot Chili Peppers","0L8ExT028jH3ddEcZwqJJ5"
"Red Moon Architect","6i4hfUB4ANDxB8FgXQLTTo"
"Red Sparowes","4MT9A89Dq8xRJ9hMvvPiJw"
"Redemption","3TZpN3GTy0RL1i6Pb10IRS"
"Refused","5sdxGvwxI1TkTA6Pu2jnTb"
"Regal","10RlWd6mCUDiRpQ30bGL2E"
"Reverb On Repeat","5FD4jt8EajaOa5EAVmZ1GF"
"Revolting Cocks","7vCJSBATlld5vDKTH87tpG"
"Revolution Renaissance","1Af5l48w4VsXiCmhkDTDhv"
"Rhapsody","0zQfrabOFYf36Ikb6PXcCY"
"Richard Ashcroft","1HGTHrRQkw0BtevSo1jucU"
"Richard Henshall","66iP8O2dQRaGjVTr42vW0V"
"Richie Hawtin","3AhwIUus3pIaA3CvYBEtpy"
"Richie Sambora","6uNjT2PKDfR7t48JKhajkh"
"Ride","0WPY9nnBy01s5QOt4o4oQX"
"Ring of Gyges","00pF6oMeAiz1GslEYo56SJ"
"Rise Against","6Wr3hh341P84m3EI8qdn9O"
"Rise to the Sky","25HKbngvl5yZ7y1RCG5Vs0"
"Rishloo","1l2cyuwystFDLEnXr254a1"
"Rival Consoles","05lIUgmmsmTX2N9dCKc8rC"
"Rival Sons","356c8AN5YWKvz86B4Sb1yf"
"Riverdogs","28PghHr3IinqOHLM6bz1uV"
"Rivers of Nihil","3UJmyt9ApeZTmOlMvBNGLN"
"Riverside","5yjbUO1Jocui7RKE30zfLT"
"Riverside Squad","3UKW9urKcrtTCNLYJfi5GK"
"Robbie Robertson","5R6GD31ZP8YPGIlt73Madf"
"Robbie Williams","2HcwFjNelS49kFbfvMxQYw"
"Robert Glasper","5cM1PvItlR21WUyBnsdMcn"
"Robert Plant","1OwarW4LEHnoep20ixRA0y"
"Robert Rich","3ux92I3CgfnhgLyYNsXIwZ"
"Rod Stewart","2y8Jo9CKhJvtfeKOsYzRdT"
"Roger Taylor","2PZEd7yktruWruOqORRChA"
"Roger Waters","40DqL6Tv84cKT2pH2NMs9r"
"Rollins Band","5tdgsNGbOvPQZjcco3yOMt"
"Rolo Tomassi","3uHCTHxtg3IVAvhyrYsZvI"
"Roman Morello","4MtYU5kRFzruyn6gbO1Hju"
"Romeo Santos","5lwmRuXgjX8xIwlnauTZIP"
"Romy","0bRPtPZQkWHeG7MGk9eWlh"
"Rory Gallagher","1kcWyDvrlPUbyxkIoM6pAV"
"Rosetta","3ckZJlQFpb6blzThP9YLx7"
"Rosetta","0HJQZHbKgYyWCDc8uVko6S"
"Rosetta Stone","0UnBsBrom4chs5rnjRBtIK"
"Rotting Christ","7FhkwcO8Jd7BRWdllBpXBJ"
"Roxette","2SHhfs4BiDxGQ3oxqf0UHY"
"Roxy Music","3fhOTtm0LBJ3Ojn4hIljLo"
"Roy Orbison","0JDkhL4rjiPNEp92jAgJnS"
"Royal Blood","2S5hlvw4CMtMGswFtfdK15"
"Royal Hunt","2CzAMm46coQpauDZj4a4ic"
"Royal Republic","0DbbnkFMhhDvinDYIiHhGS"
"Royal Thunder","3Gkit5uLARc6bv3AyYrh5Q"
"Running Wild","7954VFaZClkL503srfV5PE"
"Rush","2Hkut4rAAyrQxRdof7FVJq"
"Rusherking","3Apb2lGmGJaBmr0TTBJvIZ"
"Russian Circles","0AZ3VR0YbFcS0Kgei7L2QF"
"SOFT PLAY","3xByNj8XW17oW0wsJhgzYL"
"SOHMI","0gUsjVKHygvZgi27L2QViK"
"STARSET","0kD8IT1CzF7js2XKM9lLLa"
"STRFKR","2Tz1DTzVJ5Gyh8ZwVr6ekU"
"SUUNS","3UkN1XeK2D4wD4uhtJx4vb"
"Sabaton","3o2dn2O0FCVsWDFSh8qxgG"
"Saga","09u8U2kk11NOZFLcNJEdJF"
"Sagar","6CWBs7ul78QwnBrcOCwhf5"
"Sakis Tolis","2Mbwnv9a97OLrSoClsRd9D"
"Saltillo","18JBdXUxvLhn2T0Y3o4WqI"
"Samael","1WXagRGw8AveVrRxDfUjli"
"Sama’ Abdulhadi","52qyXsgOeHZZxHRRxyO8xm"
"Samoe Bolshoe Prostoe Chislo","0DF1d45pNEowrh7UXKvJWJ"
"Santana","6GI52t8N5F02MxU0g5U69P"
"Saosin","1NUOfvAhA9AvsF1ISMkgHX"
"Sarah Davachi","2Swn6We5XXpyDz1YxRkprA"
"Sarah Shook & the Disarmers","6ahZTaoJs2D0gcscsEx64r"
"Sarajah","718TevxJzuHdvcpJcrAr97"
"Sarathy Korwar","5GzH8EsRPqgNjNo3oBfRvk"
"Saturnus","7HY8HFHBM9zrY5R9rlY3Id"
"Satyricon","221Rd0FvVxMx7eCbWqjiKd"
"Savage Garden","3NRFinRTEqUCfaTTZmk8ek"
"Savages","4opwQe0g9rAbtbsAErAOdS"
"Savages","1WFsBUAgQmrGQQEUyFKS60"
"Savatage","3N1B1g6JtIgd6ClRkzD4yT"
"Saxon","71vVmHeNgCVSa5SVmfvscU"
"Scald","1ZnM4jqMF4MiBNGjE5NgAc"
"Scar Symmetry","2PQVMx0BpRQhzMWLa7X0T6"
"Scarcity","46cAf9jkwRvcUWh0KsvekG"
"School Of Seven Bells","1mBdei7fcRpbUEYHgsQN9H"
"Scorpions","27T030eWyCQRmDyuvr1kxY"
"Screaming Trees","3Ukr3Ufjg8ygRJv7Ww887f"
"Scrimshire","5iVIpHSJD1uKtL3impLoKL"
"Sea Power","5zhn89Em2jWUUWdpcLO3YL"
"Seabound","3LaHU3Xcdpq4UvTj74uYiK"
"Secret Garden","6GUg2fRLklsnSJsG3PrTt0"
"SeeYouSpaceCowboy...","7CFS5X96xBaJft4QdzTTC1"
"Seether","6B5c4sch27tWHAGdarpPaW"
"Sega Bodega","1ZvF4Sgnre3Rk2CpiNy077"
"Semut Merah","1p9y8kHJIlwHLjWCLcfyPG"
"Sentenced","5jQPKWBobu6cJwGSbbqgCk"
"Septicflesh","5MlEt7qqXqNSReeX76xK6b"
"Sepultura","6JW8wliOEwaDZ231ZY7cf4"
"Serious Black","27UjipLlCeXegs8PLpcJPV"
"Serj Tankian","0BEI7i5sgUuivcfwXLzFmM"
"Seven Trees","4fp8Pp1q3Z0VmLKg0yC7he"
"Sevendust","35Uu85Pq33mK8x1jYqsHY2"
"Seventh Storm","0rPG4Lb7C26pwXuKwzFnLF"
"Sex Pistols","1u7kkVrr14iBvrpYnZILJR"
"Shallow Rising","6PbcjTLZkr6q5QN1pFjP7n"
"Shamrain","6MjCrl9trhi7rIUzI1FIcR"
"Shaolin Death Squad","50sH0yhHWvySMwnxZNZ7Wg"
"Shape Of Despair","7Dw0RaAayqoGd0z2oHT4R6"
"Sharon Van Etten","2wJ4vsxWd7df7dRU4KcoDe"
"She & Him","3CIRif6ZAedT7kZSPvj2A4"
"She Wants Revenge","2zRt0sfxNnqI8gLR7d8gWt"
"Shellac","6I8R5MFTlez7rHCsH4cx0u"
"Shinedown","70BYFdaZbEKbeauJ670ysI"
"Shining","7wqTItc5qEyIwWw5ksN1Ya"
"Shining","370lLcSfFuzXFatC0DFLel"
"Shining Phoenix","0wzex9ZT1Td43up3ZJQr4l"
"Shiraz Lane","0TTu3zbvW4iFfls1GDbyGk"
"Shiva In Exile","1LVi8kauZE2oihSA0svT9S"
"Shokran","1DHGS6S7X2lF4cgEa9ErqC"
"Shortparis","61j4FFbKlzdYihMtpM1hZD"
"Show Me the Body","5jh7sgXW2njALiIh0aPXjB"
"Shubh","5r3wPya2PpeTTsXsGhQU8O"
"Siamese","0Hx4gv3eoiodtu6XYHF1X0"
"Sidhu Moose Wala","4PULA4EFzYTrxYvOVlwpiQ"
"Sieges Even","21aBv2amXUtc7Qz2pY3g3i"
"Signs of the Swarm","0yxJx8OEyDfd7dzLsFuNrS"
"Sigur Rós","6UUrUCIZtQeOf8tC0WuzRy"
"Silent Planet","0JGTiwfinlCuANGu4Gq2XU"
"Silent Theory","5BKEV71K0K8ZhTbNRVRAXR"
"Silver Mt. Zion","0bRpSBtMd3stO4J6TWclMb"
"Silverstein","1Tsag5J854qxeOo2apszug"
"Simple Minds","6hN9F0iuULZYWXppob22Aj"
"Simply Red","1fa0cOhromAZdq2xRA4vv8"
"Sinéad O'Connor","4sD9znwiVFx9cgRPZ42aQ1"
"Siouxsie and the Banshees","1n65zfwYIj5kKEtNgxUlWb"
"Sirenia","5FXMcILCOMjljRTV6cLoiE"
"Skee Mask","2qwi0hBvI2GrbkurOnw3hZ"
"Skinny Puppy","5Mu0EMEsUIVE132pNMywns"
"Skrillex","5he5w2lnU9x7JFhnwcekXX"
"Skunk Anansie","5HlXA01kcjssYDT7EoqUJF"
"Slade","10n5lhNDoSMUHWLlnST1yw"
"Slash","4Cqia9vrAbm7ANXbJGXsTE"
"Slaughter to Prevail","24Oiw7BlvO1BETecDLJt6m"
"Slayer","1IQ2e1buppatiN1bxUVkrk"
"Sleater-Kinney","4wLIbcoqmqI4WZHDiBxeCB"
"Sleep Token","2n2RSaZqBuUUukhbLlpnE6"
"Sleeping At Last","0MeLMJJcouYXCymQSHPn8g"
"Sleeping With Sirens","3N8Hy6xQnQv1F1XCiyGQqA"
"Sleepwalkrs","6yVrZt8f3TB1NXP5fIT193"
"Sleepytime Gorilla Museum","74KPeP60dRLSAAk7sFtWTC"
"Slightly Stirred","05saj4q811XzCPL9YqPJhv"
"Slint","4IwOItqRhsIoRuD5HP4vyC"
"Slipknot","05fG473iIaoy82BF1aGhL8"
"Sloper","35fxvnr5oanOFB1JNB2Ber"
"Slowboy","65FHTCI8EmW94W0TdWb8ja"
"Slowdive","72X6FHxaShda0XeQw3vbeF"
"Smash Into Pieces","2vhrwzjf9H3icunkVFi9tq"
"Snarky Puppy","7ENzCHnmJUr20nUjoZ0zZ1"
"Sneaker Pimps","1EJWNhiYbOyeUHbsS7Kp1P"
"Snow Ghosts","3cV1iM4dUpnwYdbSh32nmF"
"Snow Patrol","3rIZMv9rysU7JkLzEaC5Jp"
"Soccer Mommy","4wXchxfTTggLtzkoUhO86Q"
"Social Distortion","16nn7kCHPWIB6uK09GQCNI"
"Sodom","6SYbLA9utoNsllunR1TnkM"
"Soen","38uWD5h115pdz278q4rwZW"
"Sofi Mkheyan","3mHJ6pyCJCGv0A7MIgTVLC"
"Soft Cell","6aq8T2RcspxVOGgMrTzjWc"
"Soft Machine","5A0MH7JfEBEMySevsmauds"
"Soichi Terada","7nBJ5F2V7hDZE1hhKgqXM9"
"Soilwork","7wqP36o9lqWteOCxBnXlwx"
"Sol Invictus","0JCc6x48WkGlDve4f5ZBZj"
"Solar Fields","7GyhmlEy51sGUE09A5AWzc"
"Solefald","1jBJHkyQLO6Ga1Dx3W6nG3"
"Solence","4fnono0JCZFAeeaecrI7kg"
"Solitary Experiments","2Oj3PPRT1wz01Nvno7Nad0"
"Somali Yacht Club","4sgZ0Kad8DGhIP422wLArV"
"Somatic Responses","2qBYZfzQsb5U9OwqNayuT1"
"Sonata Arctica","5YeoQ1L71cXDMpSpqxOjfH"
"Songs: Ohia","3uQ5cxFHxXddqPL58egs1z"
"Sonic Death","4icpPWgCsyDjSbqgzerUSf"
"Sonic Youth","5UqTO8smerMvxHYA5xsXb6"
"Sonny Rollins","1VEzN9lxvG6KPR3QQGsebR"
"Sons Of Apollo","3oBGGy1VOs6IHOa1ZdUx2f"
"Sons Of Kemet","3pvRbmrqOyFxB2Eext4Dki"
"Sons Of Texas","3sjyvp2X7RmnTpukzovThH"
"Soturnus","5OH5sN60szaf5nOzVgZTfz"
"Soulfly","6159IBm5gLPwG4BcJXseXc"
"Soulsavers","762Lq0yk2VhjIfkTVDzlhv"
"Soundgarden","5xUf6j4upBrXZPg6AI4MRK"
"Soup","3yb7jKqLaO7FI7MzQLVysm"
"Soweto Kinch","6Z37ofcWV3ZDEMbevEtoSk"
"Space 92","6TVdVlY6irsNPkMHT2HkfD"
"Spanish Love Songs","5DaZV3qmFT3aS57df8KPkV"
"Spartaque","2OpUrUeIF1sqWHwSbMPNkB"
"Species Of Fishes","37vFwVYzEPAECJgs7tdu1v"
"Spektre","2jop7P9uKGHVtQAv59lDxT"
"Spetsnaz","6rGKVeLdDQmfI6WfS7A2Vg"
"Spiritbox","4MzJMcHQBl9SIYSjwWn8QW"
"Spiritual Front","10Up1OfAxXVsJ8HnLgOEwV"
"Splean","6rdFMVoMSEN4GGX98u6QTj"
"Spock's Beard","1HN6EhIK1fRYk5gtXHclZv"
"Spoon","0K1q0nXQ8is36PzOKAMbNe"
"Spotlights","4gTFseNIUKC5dbk6tRps6H"
"Sprain","1V0lOaoLxdCQjOmrnpvhwq"
"Squarepusher","4mtHSXwIHihO6MWNq5Qoko"
"Squid","685XjGzGztyivfR3fAjoxo"
"Squidji","15LZyW96TXq91lUBjMHQok"
"St Germain","484sZUYmnRXN84zmk3GY1n"
"St. Vincent","7bcbShaqKdcyjnmv4Ix8j6"
"Staind","5KDIH2gF0VpelTqyQS7udb"
"Stan Kolev","6MzHMxgYcbj6ue5w9pbNp9"
"Stars Of The Lid","36pCa1JHc6hlGbfEmLzJQc"
"State Faults","6D3k7skHIg72j2v9J4zT9b"
"Static Dress","1Lqdsv7Ff4GNq9PM3Yd0vi"
"Static-X","7JDSHlDdVTo7aZKdQZ53Vf"
"Status Quo","4gIdjgLlvgEOz7MexDZzpM"
"Steffi du Retz","7COfBp7javjOBGr1ibVPA8"
"Stendeck","4aWBtlUlXnofYoJwZTsqLS"
"Stepmother","1273m8O7zfWHIaMPUw98mM"
"Stereo Express","3j2zB13syOvCyrkJIomEA2"
"Stereophonics","21UJ7PRWb3Etgsu99f8yo8"
"Steve Hackett","4vs7NIU7kZc2Efh6yOGKEZ"
"Steve Howe","6W7XIO8Ua1RIisnSf0QIoI"
"Steve Roach","00gh6kmKYOu8xyorRxQm6a"
"Steve Vai","32Jb1X3wSmmoHj2epZReZA"
"Steven Wilson","4X42BfuhWCAZ2swiVze9O0"
"Stick To Your Guns","2sqrupqcoipb7UzVKApEnJ"
"Stigmata","2a3HNMLb9HvUx0IlFwn9Fz"
"Still Corners","4zKYrXs8iN4AeHmO8ZxNqp"
"Stille Opprör","3p31FFB70c2mNfRnJ7wWJ2"
"Stillife","4CxhIGJZd5Z2TnsVMuyz27"
"Sting","0Ty63ceoRnnJKVEYP0VQpk"
"Stone Sour","49qiE8dj4JuNdpYGRPdKbF"
"Stone Temple Pilots","2UazAtjfzqBF0Nho2awK4z"
"Story Of The Year","0KDuKk6YdEu3hR56HtXmxt"
"Stratovarius","1O8CSXsPwEqxcoBE360PPO"
"Strawberry Girls","4CyxMgnF71FyOWADVWxJRE"
"Stray From The Path","5tGG1slV9pkcydU5eQSIvm"
"Stuck Mojo","4Bqt1X3kNYGUWtbs0fCKTB"
"Subsignal","3DagXoVCxJJhRkHqOPlnPm"
"SubtractiveLAD","3EhLkPpzlO2zkJZEmW9rkw"
"Subway To Sally","544X9aDcwFDSon8HevRcqg"
"Successful","3kHrJzsiGRPvicYhCiU57w"
"Suede","6PHIK3kjWggLtVygsOtpqS"
"Suffocation","4ItRDIouodpnW6nm4TYDk1"
"Sufjan Stevens","4MXUO7sVCaFgFjoTI5ox5c"
"Suicidal Romance","0N32dR9qaZGIvmFeH9WxUT"
"Suicidal Tendencies","3WPKDlucMsXH6FC1XaclZC"
"Suicide Commando","4N99bzdRBNRi7hGNCpMuhu"
"Suicide Silence","6HZr7Fs2VfV1PYHIwo8Ylc"
"Sum 41","0qT79UgT5tY4yudH9VfsdT"
"Summer Of Haze","5gfMeHMtCy7G8rmCexG7hb"
"Summoning","5BViLZRXrRfhPDokkbYiMy"
"Sun Ra","0tIODqvzGUoEaK26rK4pvX"
"Sun Ra & His Arkestra","1hATsMMFoS9KKP7yI6ENFw"
"Sun Ra Quartet","2h1XsMVxGrw6LWzV5GoTUV"
"Sunset Trail","4xJrBBgd1rvwpPk90Xrwwe"
"Supertramp","3JsMj0DEzyWc0VDlHuy9Bx"
"Sviatoslav Richter","4hBgCK8FyJ5bV36ZZLB56X"
"Swallow The Sun","0ulKlNlo0iPx5ZS6VMTHWQ"
"Swans","79S80ZWgVhIPMCHuvl6SkA"
"Sweet","3JaAGmSTpJK35DqWrDUzBz"
"Sylar","78vP5COn64VXULgkIQovEA"
"Sylosis","2RiGIRDi4GoJpDbjDnPVJl"
"Sylvan Esso","39vA9YljbnOApXKniLWBZv"
"Symphony X","4MnZkh4dpNmTMPxkl4Ev5L"
"System Of A Down","5eAWCfyUhZtHHtBdNk56l1"
"Sólstafir","721C5U5rM8J0jjq6IQuSBK"
"T. Rex","3dBVyJ7JuOMt4GE9607Qin"
"THE ARK","6Mq9F9rEB13DlSbVIvX0UC"
"TK from Ling tosite sigure","3B9O5mYYw89fFXkwKh7jCS"
"TOKYO ROSE","3kwoPkICT4iPkNjr6mL13N"
"TOOL","2yEwvVSSSUkcLeSTNyHKh8"
"TR/ST","64NhyHqRKYhV0IZylrElWu"
"TRYM","5Nd385K2g3s0828W8Ab70z"
"TV Girl","0Y6dVaC9DZtPNH4591M42W"
"TV On The Radio","3HJIB8sYPyxrFGuwvKXSLR"
"TWO LANES","7mnuMLgvXdCWzyB4sQCG7k"
"Tabula Rasa","3t3AeemYIhHb1vPAYsCwJO"
"Tactical Sekt","4i2oaeWnQBnCnv9Js9W3V7"
"Tad Morose","4MfQTKjLQSOdiYCiYGGg11"
"Taking Back Sunday","24XtlMhEMNdi822vi0MhY1"
"Talk Talk","7Fo8TAyGJr4VmhE68QamMf"
"Talking Heads","2x9SpqnPi8rlE9pjHBwmSC"
"Tamaryn","3TdVTSmMfLh55VrJDUpIQ2"
"Tame Impala","5INjqkS1o8h1imAzPqGZBb"
"Tangerine Dream","1BGN1IdyiSR0ZYrkoKNchl"
"Tantsy Minus","6xFnKVrOJtiGfcPdsA7qUz"
"Tarakany!","3OZMcYBFNSr0ztFd82aJK9"
"Tarja","5IRFMGI8aEtZdN07OYrBZc"
"Taylor Swift","06HL4z0CvFAxyc27GXpf02"
"Team Sleep","6CwDvApcRshxhEVMP30Sq7"
"Tears For Fears","4bthk9UfsYUYdcFyqxmSUU"
"Technology","1Yc7wyu2VfROa1hdESfHsi"
"Technology Activa","0AfnWynVeZ1hUeY1Rvrx0o"
"Ted Nugent","21ysNsPzHdqYN2fQ75ZswG"
"Telefon Tel Aviv","53N4oJpWtmnB0KGLLserGC"
"Temple Of The Dog","0iHb0mCbqZTYeb4y9Pirrd"
"Temples","4ogwGU9VPWrnVBs1GEwZVV"
"Tenhi","7jd9BYVXgcRC0yfoC7NGWW"
"Tequilajazzz","3sN81ks9n7Qaf3yfzSWRZs"
"TesseracT","23ytwhG1pzX6DIVWRWvW1r"
"Testament","28hJdGN1Awf7u3ifk2lVkg"
"Texas","5JsdVATHNPE0XdMFMRoSuf"
"Texas In July","3J5OtMrtDAw0IcanJR28Ya"
"The 11Th Hour","4O3XJZHMmKVdZ5rvLANFiV"
"The Acacia Strain","4tDkeVxH0CSkNiLVrsYmQs"
"The Afghan Whigs","7IDrRpDz0cOuUVC32c8PKD"
"The Agonist","3NrGqWwh6dKk99v1UFqQak"
"The Air I Breathe","2esri1FQ20U2rQjfC7RA9C"
"The Alan Parsons Project","2m62cc253Xvd9qYQ8d2X3d"
"The Album Leaf","02uPe16VFxPaiueQsPEDkE"
"The Algorithm","14u4KXVp0iXQil79EpxXGc"
"The All-American Rejects","3vAaWhdBR38Q02ohXqaNHT"
"The American Dollar","5r4OqYJL7JrtZlffx7FJlb"
"The Amity Affliction","6kNKUYGn6VNGsRoXmyoDPK"
"The Angelic Process","4nQSh4CawJC9OZSqwNDS8W"
"The Architect","6HzVTgf7SWVWNo93bT5TEv"
"The Arcs","3mVWMgLc7bcyCBtL2ymZwK"
"The Arkitecht","4JOFUrTK5vwexAzAg0FXXA"
"The Armed","4V5obzWMr7BHZrjOiQwB4K"
"The Art Of Noise","77zrvBORXcnTyysjjKRfBU"
"The Ataris","3LC8PXXgk7YtAIobtjSdNi"
"The Beatles","3WrFJ7ztbogyGnTHbHJFl2"
"The Black Dahlia Murder","4xTDPgk4jHCF0qui3dH6BS"
"The Black Dog","7qdsk0UXx2jCX7jbp6rxeq"
"The Black Keys","7mnBLXK823vNxN3UWB7Gfz"
"The Black Noodle Project","3zjeJfz2x1AdAMWorg9NQj"
"The Body","1VFYpTpgmp7ANXqok2dTg3"
"The Browning","4DSNcg40nf6T3eNAObq1Lo"
"The Calm Blue Sea","3PxUpFuOBUAia9E3GywzpI"
"The Canyon Observer","0w8Y1Re3MYYbayNbq9xrdx"
"The Cardigans","1tqZaCwM57UFKjWoYwMLrw"
"The Cars","6DCIj8jNaNpBz8e5oKFPtp"
"The Catharsis","3MlsWYEE2rLAMt7YvrIZxi"
"The Chariot","3JEDaDPsOev2axi1kVvnb3"
"The Charlatans","5fScAXreYFnuqwOgBsJgSd"
"The Chemical Brothers","1GhPHrq36VKCY3ucVaZCfo"
"The Civil Wars","6J7rw7NELJUCThPbAfyLIE"
"The Clash","3RGLhK1IP9jnYFH4BRFJBS"
"The Comet Is Coming","0Z5FMozvx15nUSUA6a9kkU"
"The Cranberries","7t0rwkOPGlDPEhaOcVtOt9"
"The Crystal Method","5eKLa1xyHLq8ERWmT1CRHj"
"The Cure","7bu3H8JO7d0UbMoVzbo70s"
"The Damned Things","7sqqd0D9gAGYojKY5E1wtY"
"The Dave Brubeck Quartet","4iRZAbYvBqnxrbs6K25aJ7"
"The Dead Weather","4AZab8zo2nTYd7ORDmQu0V"
"The Dear Hunter","51lE580QM13Anmb3mK2j1e"
"The Decemberists","7ITd48RbLVpUfheE7B86o2"
"The Devil Makes Three","63knPlGzLHTNDf1J78Fvte"
"The Devil Wears Prada","0NbQe5CNgh4YApOCDuHSjb"
"The Dillinger Escape Plan","7IGcjaMGAtsvKBLQX26W4i"
"The Doors","22WZ7M8sxp5THdruNY3gXt"
"The Ever Living","7AJ0RorSXAE38mrnEJUOEh"
"The Everlasters","0F5BKQKXnWOwxswtjWQsdL"
"The Evpatoria Report","5KyWqSOpfFRnPTWsq1oUAw"
"The Explorers Club","1CR8qMZVkRSoIioetcA8u3"
"The Fall of Troy","5fuQrhMRYMtoO9uOlFad4P"
"The Flaming Lips","16eRpMNXSQ15wuJoeqguaB"
"The Flashbulb","6mMCSCuTbGU6kNr4303LwH"
"The Flower Kings","0BI5vXwUl4lZMtARfXQ0No"
"The Future Sound Of London","2qhmNI4ZHPpeDutdg473Z3"
"The Gaslight Anthem","7If8DXZN7mlGdQkLE2FaMo"
"The Gathering","2kO6zjt4a1OIqxOERhliEX"
"The Glitch Mob","3a9qv6NLHnsVxJUtKOMHvD"
"The Goo Goo Dolls","2sil8z5kiy4r76CRTXxBCA"
"The Good, the Bad & the Queen","6iy8nrBbtL57i4eUttHTww"
"The Halo Effect","2qvK5iLLoDV5mJeAvh5uka"
"The Hellacopters","1lsXuaLnHnfL7GoJXKkUtH"
"The Hirsch Effekt","5KDvftjA3iwANF1vEZmWRl"
"The Hives","4DToQR3aKrHQSSRzSz8Nzt"
"The Horrors","7EFB09NxZrMi9pGlOnuBpd"
"The Idle Silence","58Ko9BuiqrFuFckSFFnMNc"
"The Jesus and Mary Chain","4rjlerN21ygkIhmUv55irs"
"The KVB","0BzJFLqchxKNQyEwswwQ40"
"The Kilimanjaro Darkjazz Ensemble","1it6OQb9fceS1M3gfd6erX"
"The Killers","0C0XlULifJtAgn6ZNCW2eu"
"The Kills","5BYuBzqmTXwUDw2rYkwExr"
"The Klinik","2KczmhlmHUuDVVtkXJjgAc"
"The Knife","7eQZTqEMozBcuSubfu52i4"
"The Kooks","1GLtl8uqKmnyCWxHmw9tL4"
"The Kovenant","31VNYr7yK0xBD6MfIaucLJ"
"The Last Dinner Party","5SHgclK1ZpTdfdAmXW7J6s"
"The Last Shadow Puppets","2Z7UcsdweVlRbAk5wH5fsf"
"The Legendary Pink Dots","55XX7sgmxtVFNJnHrQMXh5"
"The Libertines","4fSPtBgFPZzygkY6MehwQ7"
"The Lounge Society","5OfZVpXzGottp1rYD73ufE"
"The Man and The Abyss","498Z0wlC5eVtlRZwP5M1qG"
"The Man with No Name","4Zyx5zdMBSVYwoHOpa0A7x"
"The Mars Volta","75U40yZLLPglFgXbDVnmVs"
"The Mayan Factor","69cHSFHNt4iAVBdD7wrwFb"
"The Mercury Program","4yjJzBT8l0vHHKS3hnWwex"
"The Microphones","7Ht57YadlBXcFJDK3plmhO"
"The Midnight","2NFrAuh8RQdQoS7iYFbckw"
"The Moody Blues","5BcZ22XONcRoLhTbZRuME1"
"The Murder Capital","18M7pJRsgFVjEBZ5ufmJAp"
"The Mute Gods","6wmmcEvvXFJLMFnEfAvwKq"
"The National","2cCUtGK9sDU2EoElnk0GNB"
"The Neal Morse Band","18Jf8IdSCQTBGDIZaVKuGi"
"The Necks","2S0D6Vlt9T6z5MNm1UBJgf"
"The Obsessed","4YumqLcvnU9DW31AkzaviJ"
"The Ocean","6fuALtryzj4cq7vkglKLxq"
"The Ocean Blue","4v9TwSGVrHPLX0APn1z0XU"
"The Offspring","5LfGQac0EIXyAN8aUwmNAQ"
"The Old Dead Tree","1UztxAFwIMRgVVNdQ54iqg"
"The Opposer Divine","2wkKw6vYRGSu78hXj7dcT7"
"The Orb","5HAtRoEPUvGSA7ziTGB1cF"
"The Picturebooks","5L8u4AcYBOnxAtRrluOjKo"
"The Pineapple Thief","4lrBMUSk8PiNnCEZfsmPAk"
"The Pirate Ship Quintet","5LfKdh5axnieiWIMZtOTfU"
"The Plot In You","1cJ5tVoeAEFcZBAwSZ0CtF"
"The Police","5NGO30tJxFlKixkPSgXcFE"
"The Pretty Reckless","2R57sY41L9XvGPiIgHOaYq"
"The Prize Fighter Inferno","7gxpZdWXJWyfAaRU6igwKU"
"The Prodigy","4k1ELeJKT1ISyDv8JivPpB"
"The Project Hate MCMXCIX","6sHKVaix6vN1SvCeOoKHVy"
"The Psychic Force","0xddiz1BCPBXA1brdDEHmC"
"The Qemists","2McLd7klWE4UjkPLqqMwLv"
"The Queen Killing Kings","0S2piYvxyeceWd8HKwHXiB"
"The Radio Dept.","0utS63XytOEVN1EtzWhJpG"
"The Rasmus","76ptJV8617638xrpeoUtzl"
"The Raven Age","1Ia5iTYHMBsMQfi7Fbcbuw"
"The Record Company","6vYg01ZFt1nREsUDMDPUYX"
"The Red Jumpsuit Apparatus","1SImpQO0GbjRgvlwCcCtFo"
"The Rising Waters","4ehAz9C8BTTrAR3CJVHu1O"
"The Rolling Stones","22bE4uQ6baNwSHPVcDxLCe"
"The Roots","78xUyw6FkVZrRAtziFdtdu"
"The Runaways","5eTq3PxbOh5vgeRXKNqPyV"
"The Sabres Of Paradise","3w0vR06WHMVwMe1G20wmlS"
"The Script","3AQRLZ9PuTAozP28Skbq8V"
"The Sea Within","1CjoMMXadt3KyCN0ZG4tUz"
"The Silent Wedding","4M6RMwKTnH5YEtqWnMLaeq"
"The Sins Of Thy Beloved","0eFg9cfr8pPciNtqP5s14S"
"The Sisters Of Mercy","2CSWBwhuu4bearI8swf8Gj"
"The Slow Readers Club","1DYrH6sucKrK0dskzU4Gsk"
"The Smashing Pumpkins","40Yq4vzPs9VNUrIBG5Jr2i"
"The Smile","6styCzc1Ej4NxISL0LiigM"
"The Smiths","3yY2gUcIsjMr8hjo51PoJ8"
"The Stone Roses","1lYT0A0LV5DUfxr6doRP3d"
"The Stooges","4BFMTELQyWJU1SwqcXMBm3"
"The Story So Far","6meTcQ79DrfkIuSLPZkpBg"
"The Strokes","0epOFNiUfyON9EYx7Tpr6V"
"The Struts","3lDpdwM8KILepMHqBWUhIA"
"The Tangent","2DefJEtso8VshihzHW0gh1"
"The Tear Garden","5IANPR8N81Cyeynp9HPSfY"
"The Temper Trap","4W48hZAnAHVOC2c8WH8pcq"
"The The","7cKtqv9cYVlOwnuCFH95ce"
"The Third And The Mortal","5F2cvw82M3XSEI1SkJR2Oc"
"The Used","55VydwMyCuGcavwPuhutPL"
"The Velvet Underground","1nJvji2KIlWSseXRSlNYsC"
"The Verve","2cGwlqi3k18jFpUyTrsR84"
"The Walkmen","6kFay2DQ5aZfeu5OsrF3Pw"
"The War On Drugs","6g0mn3tzAds6aVeUYRsryU"
"The Warning","2SmW1lFlBJn4IfBzBZDlSh"
"The Wayfarers","0i3dJ6fbFXG9zEPAuAloZG"
"The Weeknd","1Xyo4u8uXC1ZmMpatF05PJ"
"The White Stripes","4F84IBURUo98rz4r61KF70"
"The Who","67ea9eGLXYMsO2eYQRui3w"
"The Winery Dogs","0XQIFN6X5mD98c6gOSLtfJ"
"The Wombats","0Ya43ZKWHTKkAbkoJJkwIB"
"The Young Gods","1xF9B1eiCKUejBnEE9k3sY"
"The frozen Autumn","62I6yU65LYagzYOKe337kv"
"The xx","3iOvXCl6edW5Um0fXEBRXy"
"Theatre Of Tragedy","31eXqCx5cAlItdGdoHMEOu"
"Theatres Des Vampires","4vNrZHCyGyELnv8tAgZZRt"
"Theis Thaws","6iwPu9npxU5kIXydv7pyud"
"Them Crooked Vultures","4zYQWYmtimAEmI6WWEzGfO"
"Theo Parrish","3qMRvSHJpaRjGDkIeNMoGz"
"Theodor Bastard","2PQ9UX4kWDE3mf2fYGRzqF"
"Theon Cross","0IFabaHypEH0hMgkx0Gw56"
"Theory In Practice","7iZqdXmJt3iiNj1FZPBLqf"
"Theory of a Deadman","74eX4C98E4FCrAMl39qRsJ"
"Therapy?","3MomZRiJwdZmYnysgtF4Ey"
"Therion","5c8Cw62ZYj9XO6iDLRDEsi"
"Thief-N","3PZajhJFPfle1mmWdLO5RU"
"Thin Lizzy","6biWAmrHyiMkX49LkycGqQ"
"Thirty Seconds To Mars","0RqtSIYZmd4fiBKVFqyIqD"
"This Beautiful Republic","1qdN11Ly5IgrwRtuIpkKO2"
"This Is Wreckage","3DgRac016T9LEBoHOR41Tj"
"This Morn' Omina","6zUCwtbVh8mw95JxsXJbcL"
"This Mortal Coil","5OK8j1JnhoBlivN32G7yOO"
"This Oceanic Feeling","4PO3CWhDMrCZaZX7YeXVl6"
"This Will Destroy You","0MG4LXIw7n4x0wjDc6WYXk"
"This Winter Machine","3HJXQEAEygmMjVRubAgyvp"
"Thom Yorke","4CvTDPKA6W06DRfBnZKrau"
"Thomas Schumacher","7KkV7dFoGEXr4M3fpb1FgD"
"Thornhill","2dE5audbkV3o5cKxvM7lBD"
"Thou","4KoZpKiPeX4jIi7Euwcfuo"
"Three Days Grace","2xiIXseIJcq3nG7C8fHeBj"
"Threshold","7KTRbZ1YTch5oXQOmQTStM"
"Thrice","3NChzMpu9exTlNPiqUQ2DE"
"Throbbing Gristle","1UYhxPY1oqFUg1HfF8nV3k"
"Throne of Glass","2BLSqYGFJ8llbBdvplsLJC"
"Throwing Snow","0Qur5LqqAVVunjY2PnjhUp"
"Thursday","61awhbNK16ku1uQyXRsQj5"
"Thy Art Is Murder","3et9upNERQI5IYt5jEDTxM"
"Thy Catafalque","4sgTqbA7htxYkRRJBPZIom"
"Tiamat","5SwHKKNKYToC1YzWVNWAIN"
"Tides From Nebula","1CzKORB9IN0EjPEyeKBIkf"
"Tiger Army","7ivKiS6TITQYizkbUUahbi"
"Tigran Hamasyan","0D3h8NZqNp7BN97JwtV6eW"
"Tim Bowness","3vXXWmzmuiO79FJiL8GlNi"
"Tim Hecker","1qiwaJwjKod5WhcYZ76O1B"
"Tinariwen","2sf2owtFSCvz2MLfxmNdkb"
"Tita Lau","5g93IJMEpfC68NUaeVjr4h"
"To Kill Achilles","6JiVwVHJRXHiZuU9vHzjpz"
"To/Die/For","6odEUy7osvwibc1yNvxt5u"
"Tom Meighan","3EgsCrH1gSJmJqfWAcvZRn"
"Tom Morello","74NBPbyyftqJ4SpDZ4c1Ed"
"Tom Odell","2txHhyCwHjUEpJjWrEyqyX"
"Tom Petty and the Heartbreakers","4tX2TplrkIP4v05BNC903e"
"Tom Waits","7x83XhcMbOTl1UdYsPTuZM"
"Tomahawk","6yyZgcrQ10gThrJxzqogiP"
"Torche","4PxqJghOAEvatt0scJvili"
"Tori Amos","1KsASRNugxU85T0u6zSg32"
"Tortoise","3WggbHDpj4rPKbL97zG5MQ"
"Touché Amoré","16QCJENzcdhwka9bTKYMVB"
"Toundra","3cgIU3hh7Y4pUsPgHB8aYT"
"Township Rebellion","4gGD7nrLZRnnCSz3KGEu4R"
"Tracktor Bowling","3nrg34wfA41KmxwEYJMRv3"
"Trail Of Tears","76xPyUXPsTtSfap214AjLd"
"Trance Wax","28Rn5KfDspTUHLpPfPF8EE"
"Trans-Siberian Orchestra","5OSQDUNmll299ldFIF1Dau"
"Transatlantic","4eOjprZV7J3pEjQOsdtLjC"
"Travis Scott","0Y5tJX1MQlPlqiwlOH1tJY"
"Trelldom","6fnPT00U9e23YmxgH87oWj"
"Treponem Pal","7IaTNtX3fP0gFlDI9IsYre"
"Trhä","5LCW1YUGpMpsWklZ36rp91"
"Tribulation","7xTo7ipdBZezIoyAkmcRge"
"Trickfinger","6mc0kFpFQqxmQPYfgEFufq"
"Tricky","6hhA8TKRNryM8FNzqCqdDO"
"Triggerfinger","3UhIlk54Oe4ja06V962ptU"
"Trillium","6IpcyUEfghLmiHlJPOlSsB"
"Tristania","2EOmvmVtYMTgn45w9mWUTV"
"Trivium","278ZYwGhdK6QTzE3MFePnP"
"Tropico Duclos","5ZMJhwcudjumRQrPSHqDsM"
"Truckfighters","5X1eZAEqHcO5lYy7tgjw5h"
"Truncate","1JxLnEvBPdm9baryEFzE50"
"Tundra Art Ensemble","1D3ZTnZVVWEL7QF6sjZo8T"
"Turnstile","2qnpHrOzdmOo1S4ox3j17x"
"Two Door Cinema Club","536BYVgOnRky0xjsPT96zl"
"Two Lone Swordsmen","33Ztukerf3He8FeKk5acn8"
"Ty Segall","58XGUNsRNu3cVOIOYk5chx"
"Tygers Of Pan Tang","1MZ8NERIuOS610KBhr6yna"
"Tyler, The Creator","4V8LLVI7PbaPR0K2TGSxFF"
"Type O Negative","0blJzvevdXrp21YeI2vbco"
"Tzolkin","2Xhzmwb77kgZVLlPbcjaGX"
"Tzolkin Project","7j1yhDJOCek2v2yP6Muqb0"
"U.D.O.","2aWjaq32aRQo58dw0w8NM6"
"U2","51Blml2LZPmy7TTiAg47vQ"
"U96","0RhnKJThw36HFitqY6dYgd"
"UFO","2Omy3P5hFZym7FKum1JA1s"
"UMEK","5Hini2nQyoglzpdKe41cZt"
"UNKLE","2nszamLjZFgu3Yx77mKxuC"
"URNE","1daJkdlSgLE2kmnNUjmRpU"
"Uada","30R8X3xhfDbxAcfxSZ0UaQ"
"Ufo361","5pVRwX5ZQR7hfJ18w8ZYkl"
"Ugly Kid Joe","3XsgWn63EnA4wYZBjVyxjf"
"Ukandanz","6eid2mbg2XPVDyqdRmNIqb"
"Ulcerate","3Bv5btxNbwbt79fcjw9DAg"
"Ulver","6bYFkBNvayh3nGqxcPp7Sv"
"Umbra et Imago","3JFlH30MiMHSSreic83Nj6"
"Underoath","3GzWhE2xadJiW8MqRKIVSK"
"Underworld","1PXHzxRDiLnjqNrRn2Xbsa"
"Unearth","44wJRGNtWywCUJZug8FJg3"
"Unheilig","6f1kv0aUPG9I0Rp3dmLCPi"
"Unitopia","2KSj2QZF42ffJv8uLJk3uU"
"Unleash The Archers","6irKXFXk2sPNmHtKqmrfuU"
"Unleashed","3MKwCexzAd8YTdsSjRkKbv"
"Unprocessed","13GH7wviJQ9gfZmr1pXHS4"
"Unter Null","3K9Q2qc3zuzHnSPzlvvRbf"
"Unto Others","1W5khHrkcznsyChxwIBfAI"
"Unwound","4YjpqCSDD7zwMQgPYJMqb0"
"Upon A Burning Body","1bPBx2qbpWzEoLujeHC3G7"
"Uriah Heep","45O9BwPMyywM755SYUK0sP"
"VNV Nation","4KlYg0F5KG9QNDFKaeTNAy"
"VOLA","1HQjBwlj8FSHMhVaNQ4tEI"
"VUUR","4OPeUsRUnLPjCJ9MYXDpE7"
"Vader","2s5DSt9VBNzAn2TbtDHzFZ"
"Vampire Weekend","5BvJzeQpmsdsFp4HGUYUEx"
"Van Canto","7cTq0bYGTIlPoXo9lFXJlL"
"Van Der Graaf Generator","02frazNrWgZCxUEf4UTfHt"
"Van Halen","2cnMpRsOVqtPMfq7YiFE6K"
"Van Morrison","44NX2ffIYHr6D4n7RaZF7A"
"Vanden Plas","1ke5Q2ijh6Tm31kH2HELEe"
"Varhara","2seSzLu86h4xbuOf2dEehl"
"Various Authors","69jtmQ3lPMOXWmY2cDCNyA"
"Varsity Star","4EbSc50zkOhLL9lCWmop2T"
"Vatican Shadow","1b6p8KZ14dw35fuIuDWQNV"
"Vegyn","5iUnvXddCpOrbWKm7QMr6o"
"Veil Of Maya","2i7CQcVBh2K6uOR3CH09M1"
"Velocity Made Good","2g5ncBxg2wwfS9HkIFQUPs"
"Velvet Acid Christ","2AAS7xp8XZFaqCvmL2hyeG"
"Velvet Revolver","7CHilrn81OdYjkh4uSVnYM"
"Venetian Snares","7eKIP3IoPoUAZgZuvMM6hf"
"Venom","5fwaejlOHVBAw1KhIPPaQe"
"Vera Polozkova","1aA6oVdFA4movoMV8kK0xg"
"Verikalpa","5tqZo146ewkPULPWNGPdq3"
"Vernian Process","68V7IxQ9iK8Sby6w7lgVPR"
"Vicinity","09flJpVa3A52r8RwGjeY4O"
"Victor Ruiz","0xgdNNa5mIbnJKp8AG8S4z"
"Vildhjarta","0z4ODfFM8PGE0A9r0tZ75J"
"Vintage Culture","28uJnu5EsrGml2tBd7y8ts"
"Violent Magic Orchestra","5t2YzgwFxf0RH68rlh0sxw"
"Violet Cold","5eh1n96NC6g34nPqpIItIo"
"Visions of Atlantis","5kanN1nKzrkW1m2gZmo82x"
"Vlady","4hkwrlVarJxzFA6h4UMi6A"
"Voivod","0lFiKrJUofJpnrAJnMsnQ3"
"Volbeat","0L5fC7Ogm2YwgqVCRcF1bT"
"Von Hertzen Brothers","5QA702pGd9qa2oWvp21ofG"
"Voodoo Circle","6wDtiOQnBxuCtE3mO7qWmS"
"Votum","42ZQcu4ciEscZIXmdldg7j"
"Voyager","16fltNcwTM5V9rnxIlcha4"
"Vulture Industries","2ZkCq3NiRMh8QkAWzQWXnp"
"W.A.S.P.","3BVkDHWRvLJEyKdvhLbjsq"
"Wage War","6bu7CtcOMWcS0BMq7snHW6"
"Walls of Jericho","60cGRl68qyCBMqZi3tiHEU"
"War Of Ages","4s407eN0H9FQyRMc1n3Spx"
"Wardruna","0NJ6wlOAsAJ1PN4VRdTPKA"
"Warmoon Lord","13YYwTzXnUDHNi1UqWneHW"
"Warpaint","3AmgGrYHXqgbmZ2yKoIVzO"
"Warrel Dane","1qrGnVZhEO4vX3ahn4RY1r"
"Watain","4OpHsZuhfJMU9PZ3zkyUQX"
"Wax Tailor","3qwxSif06Qwzykdln8ZGfG"
"Wayfarer","4HcBIH7pVbrRRwHnEqxpka"
"We Are The Ocean","5RTzLFUNaRULfg2DPh5DPO"
"We Came As Romans","6qO6LhD6FuXK5e2PtfAIMz"
"We Came From Wolves","3DxWi2A5SzhydMMXDymRDZ"
"We Insist!","4SjUvUsGxX4Et5YrXHQu4U"
"We Were Promised Jetpacks","3gnrmLahFhVXRI9DA1MImH"
"Weather Report","162DCkd8aDKwvjBb74Gu8b"
"Weather Systems","79pII4A4OPL8CZRfAmAZOq"
"Weezer","3jOstUTkEu2JkjvRdBA5Gu"
"Wehbba","2UzAShzs3DO53bSZqvf8Ri"
"Wheel","4msm1QtpV7zMReePhbEQ6H"
"When Icarus Falls","5FzfwnhLaYLHhgPrH8wnnG"
"While She Sleeps","38LdIuxB548zgHoEY2AN7a"
"White Lies","6ssXMmc5EOUrauZxirM910"
"White Ward","61D6KlxqzZEAWfD2CGc6Qp"
"Whitechapel","5274obTQJjzjyycRyJlfml"
"Wild Nothing","6NrkINd80slV25wkBu9mEB"
"Wilhelm Kempff","4F0h097DbL1XBqIbDw2xOj"
"Will","5dcEzInJsXoFOxmeLPQhUG"
"William Basinski","6u5axd0rpDsWSmzhFfb2VB"
"Wings","3sFhA6G1N0gG1pszb6kk1m"
"Wintersun","6ui6SwChan7c1KYBQCqGKV"
"Wishbone Ash","77zwstbi3x1IxnbDFg6uns"
"Within Temptation","3hE8S8ohRErocpkY7uJW4a"
"Woddy Kief","7E8NHdni8fyRuIOGo5IQrs"
"Wolf","5RoqynWCL6FbO5LdipoFU1"
"Wolf + Lamb","6HGrNLNAYp8B1B84tLNKH0"
"Wolf Alice","3btzEQD6sugImIHPMRgkwV"
"Wolves At The Gate","0Z88iXWc4YVhtu1eFtsGk6"
"Wolves In The Throne Room","5lqyPWmAivV75tII5Vxpet"
"Wolves Like Us","7Iyimel1KwfnSw2qO1XPhr"
"Woods Of Ypres","24dCDrr94SNSAREMJhBHCs"
"Wormwood","2CltEmcrT4ypj6WxaBej5c"
"Writing The Future","7Aa5CdfeC6osTwfQJMXfCd"
"Wunderhorse","41pd7r1XBRsvdxY3vHEgib"
"X&ND","3wUYPC30RAmHqK9ZozBzq0"
"X-Fusion","3e09PYEqXPesfLm6WLD00B"
"Xanthochroid","3iDXQAdLOxBC7eBulyilpo"
"Xiu Xiu","5JLqvjW3Nyom2OsRUyFsS9"
"Xploding Plastix","0azLE0hIUlbMbV0g2Ezt9m"
"YME","48LruDqvGQIrHzoa3sxfys"
"Yard Act","2h3ooJn8m8X8cL2g1BZ1Rd"
"Yashin","3MIYKBVBx030MbzxhvhcRz"
"Yeah Yeah Yeahs","3TNt4aUIxgfy9aoaft5Jj2"
"Year Of No Light","1jBkXf5NwyxgbUw9fWxAOE"
"Year of the Knife","6z6uImpvyrxii5OyX1ic8Q"
"Yellowcard","3zxKH0qp3nBCuPZCZT5Vaf"
"Yes","7AC976RDJzL2asmZuz7qil"
"Yogi Lang","6OJk7QGuqddbEUnzdHBHhI"
"Yoo Doo Right","2pVonF82aN2ttqFHsynVeW"
"Yoth Iria","3tcBc9lN5ncBG7KNTKB1o1"
"Youth Code","15VmPRQCJEZWaZWgHEroj0"
"Yves Tumor","0qu422H5MOoQxGjd4IzHbS"
"ZZ Top","2AM4ilv6UzW0uMRuqKtDgN"
"Zdob si Zdub","21fmCv0mg9Xwnv3WE4mFKu"
"Zeal & Ardor","6yCjbLFZ9qAnWfsy9ujm5Y"
"Zemfira","6oO3QiWdVj5FZQwbdRtsRh"
"Zero 9:36","1V599H9vfq6hWe2hGzyzI0"
"Zero People","4fzqeOdECi9BzAHBiE4gTW"
"Zimmz","1fjyfUlALNaLiP57l5UmGn"
"Zvuki Mu","7cZCHoW0UAnBmecxXMQycM"
"[:SITD:]","2McJOiKebPtBGqyEYyZQFN"
"a-ha","2jzc5TC5TVFLXQlBNiIUzE"
"andhim","6XJeFzmI6vrWyHcdB7EImP"
"bar italia","6tYmTHApvspl6KAgTfHjAY"
"billy woods","39vtb2iiz3079nqfL5nfFc"
"biosphere","6sa0lNcq7YdXNnQKZHFb0D"
"black midi","7Hvq85OU8T7Hsd63zNBwaL"
"blessthefall","7t2C8WwLyKUKRe0LVh8zl9"
"boygenius","1hLiboQ98IQWhpKeP9vRFw"
"cEvin Key","5h7b6M62frh97O68HEneX1"
"claire rousay","24KMaDNklCLuxhzamE6tmq"
"cloudseven","127ajarXOJFUfRFivWi49v"
"dEUS","3zMir00BoCKhwNTjlT61KN"
"delving","3s596fAjCmoXEGdAZLy8EW"
"envy","0CfjW2VuMdrhWodHtG7DWi"
"foxtails","428Jnte7ijQ5BCSXQoxpmO"
"junodream","4jPWi4cSe5zK2dUCLWiBaN"
"lumen","6wtLDIGKKFNj1SgEJgkfVu"
"maquinas","25nahlb6zTMSuEX0ZgLsUT"
"my bloody valentine","3G3Gdm0ZRAOxLrbyjfhii5"
"nothing,nowhere.","7FngGIEGgN3Iwauw1MvO4P"
"ohGr","00DSeUAdyYqUyGFqeySG68"
"para bellvm","2wrXR4lmFsU8htvnNNrYh1"
"pg.lost","6YK58h9BCYpFNv10fsMwoS"
"r.roo","3CxVGnYMLbY1wm4cxsKSEj"
"shame","4IeWU3NYBI9mISFVhzXG8f"
"sleepmakeswaves","0EnDtiDrCgklr97QMJOSPv"
"slowthai","3r1XkJ7vCs8kHBSzGvPLdP"
"sunn O)))","2e7hYqRjL82c1nIoREHc4J"
"thrown","5eBCPtU2iPbzuMRre9BePt"
"timmies","1AUZYkS7eLmZUnBjQyJmwf"
"toe","0rpKM0MniNkXM1SLSglYUZ"
"trentemøller","4O71i7ke5iIBX6RNSFoZbS"
"unpeople","515JoZzxBrdm0TxOhHa2n2"
"zebrahead","6SiyKSeJo6gcsS2NvuAbsl"
"µ-Ziq","7AiamoV760pPGGM5PbOC6X"
"Ásthildur Úa Sigurðardóttir","6H0cRrd0Trp1Ru7MRIpvnZ"
"Äl Jawala","4bTTaQVaf03641We5lnIRI"
"Ólafur Arnalds","7E3BRXV9ZbCt5lQTCXMTia"
"Адаптация","6mtpGf2UkZUTYense3egVi"
"Внучка Фантаста","2NZzeAb1z5TEPGI2X3TveB"
"Встреча Рыбы","6kc5NtXTYkM9iTVAjzFFZe"
"Гран-Куражъ","2Xzs4aTnKurFDuLYG6juRh"
"ДДТ","0YCqg8X5gx0MremW64Ud1h"
"Дайте танк (!)","6iQqWcDg92kre5ykFLwqD8"
"Женя Любич","39t0Gw2YHcOu6GdEw4V7SA"
"Зачарованные","4777FsP4LcmAYxXarmMmyr"
"Золотые зубы","6AFoNkF71wFceh0Vjr2R2m"
"Ищейка","5tcA3GDqK7aHJM3BiqWurP"
"Калинов Мост","0FljFr1aDZG9SOHl4UDExF"
"Карелия","4PODUa7UyqHLQ20929fhqr"
"Краснознаменная Дивизия Имени Моей Бабушки","2r78BHa9wDDEPbQp4Ww6SY"
"Кумса","5ScjFEt6k35cpoVed8Pl3K"
"Лихолесье","5OTOgpbyKI8PeRMLH9eIoj"
"Мой Июль","6fajQHzJGf7XhQtkoFcrgM"
"Настежь","6ufRDqCoeeOEWk0QJXo00D"
"Настя Полева","0V9gv5vG8EOmtCm2XzbxPu"
"Ольга Арефьева и Ковчег","44UIUIvJMwH7jIsrFIPO7J"
"Пионерлагерь Пыльная Радуга","1UNwSduHxa3uFtj2Lx0dEU"
"Помни Имя Свое","5LUGL8SIadyLtC6oim1dCf"
"Последние Танки В Париже","3lWr0BTSW10qY5fajZjKSK"
"Сверкай","3pgJAQ8lyhyadJWu1hLEsb"
"Света Бень","2bPAvBTN6dMhjB1cfb2vQE"
"Сироткин","2Pl6PajwYyOy9i8OdcPPfl"
"Сруб","1msc9EGloXNDtZwZRPl547"
"Театр Теней","7agVLhLfishTzcCv1mCMR4"
"Чиж & Co","5Os2UA78JtURZSEdBN1hiQ"
"Эпитафия","2OCUVmVEv0EIo4WsWmhVki"
"алёна швец.","7m9RH1V73dYjGv8RgGP39c"
"ночные грузчики","5VkYM90turPVbpvF9k2jyf"
"✝✝✝ (Crosses)","3gPZCcrc8KG2RuVl3rtbQ2"
